Ticker,Date/Time,Open,High,Low,Close,Volume(Unit),Net Buy Sell(Total),Net Buy Sell Foreign,Trade Value
AALI,08/07/2020,9750.00,10175.00,9725.00,9750.00,6247200.00,-4377887744.00,-6374759936.00,62126673920.00
ABBA,08/07/2020,50.00,50.00,50.00,50.00,55700.00,2735000.00,0.00,2785000.00
ABDA,08/07/2020,6900.00,6900.00,6900.00,6900.00,0.00,0.00,0.00,0.00
ABMM,08/07/2020,1050.00,1050.00,980.00,1000.00,2500.00,-877000.00,-98000.00,2469000.00
ACES,08/07/2020,1645.00,1690.00,1645.00,1660.00,14610700.00,1540811520.00,-4186442496.00,24324161536.00
ACST,08/07/2020,238.00,254.00,238.00,250.00,302400.00,-66763000.00,0.00,75022600.00
ADES,08/07/2020,990.00,1005.00,985.00,995.00,140500.00,45119500.00,-2000000.00,139885504.00
ADHI,08/07/2020,590.00,590.00,580.00,585.00,5864300.00,-84652496.00,-493167008.00,3422998528.00
ADMF,08/07/2020,7675.00,7700.00,7575.00,7600.00,112300.00,-255935008.00,270184992.00,856004992.00
ADMG,08/07/2020,103.00,111.00,103.00,106.00,1531900.00,-88235296.00,0.00,163091296.00
ADRO,08/07/2020,1115.00,1130.00,1085.00,1095.00,42983500.00,-5723100672.00,3159581952.00,47224176640.00
AGAR,08/07/2020,490.00,490.00,490.00,490.00,200.00,-98000.00,0.00,98000.00
AGII,08/07/2020,540.00,540.00,525.00,525.00,202600.00,-38126000.00,54000.00,107373000.00
AGRO,08/07/2020,240.00,240.00,230.00,234.00,20687600.00,-471722400.00,-9976000.00,4850044928.00
AGRS,08/07/2020,146.00,154.00,146.00,146.00,108000.00,-12461100.00,0.00,15846500.00
AHAP,08/07/2020,52.00,52.00,50.00,51.00,39600.00,-1103100.00,0.00,1986900.00
AIMS,08/07/2020,180.00,180.00,180.00,180.00,0.00,0.00,0.00,0.00
AISA,08/07/2020,168.00,168.00,168.00,168.00,0.00,0.00,0.00,0.00
AKKU,08/07/2020,50.00,50.00,50.00,50.00,400.00,20000.00,0.00,20000.00
AKPI,08/07/2020,300.00,300.00,280.00,282.00,5400.00,-23200.00,0.00,1565200.00
AKRA,08/07/2020,2780.00,2830.00,2750.00,2770.00,13688000.00,11366855680.00,-3496525056.00,38285869056.00
AKSI,08/07/2020,248.00,254.00,248.00,252.00,10300.00,-2036600.00,0.00,2584200.00
ALDO,08/07/2020,378.00,400.00,378.00,384.00,1300.00,-341800.00,0.00,501800.00
ALKA,08/07/2020,360.00,360.00,360.00,360.00,1200.00,-432000.00,0.00,432000.00
ALMI,08/07/2020,192.00,192.00,192.00,192.00,10400.00,-1843200.00,0.00,1996800.00
ALTO,08/07/2020,374.00,374.00,374.00,374.00,0.00,0.00,0.00,0.00
AMAG,08/07/2020,236.00,250.00,234.00,238.00,259800.00,-48898200.00,0.00,61844200.00
AMAN,08/07/2020,195.00,196.00,195.00,196.00,235400.00,45922800.00,0.00,45922800.00
AMAR,08/07/2020,364.00,372.00,352.00,370.00,461100.00,-126681800.00,0.00,170456192.00
AMFG,08/07/2020,2830.00,2830.00,2830.00,2830.00,0.00,0.00,0.00,0.00
AMIN,08/07/2020,264.00,264.00,246.00,246.00,700.00,-70800.00,0.00,176400.00
AMOR,08/07/2020,1990.00,1990.00,1990.00,1990.00,300.00,597000.00,0.00,597000.00
AMRT,08/07/2020,740.00,750.00,735.00,735.00,958300.00,70748496.00,582500.00,710897472.00
ANDI,08/07/2020,50.00,50.00,50.00,50.00,81500.00,4075000.00,5000.00,4075000.00
ANJT,08/07/2020,520.00,550.00,520.00,545.00,1200.00,545500.00,0.00,654500.00
ANTM,08/07/2020,840.00,865.00,835.00,840.00,263824704.00,-16216064000.00,14454331392.00,223395872768.00
APEX,08/07/2020,149.00,156.00,149.00,156.00,12400.00,-819700.00,0.00,1880500.00
APIC,08/07/2020,870.00,870.00,835.00,840.00,33813200.00,11128166400.00,-61848500.00,29193140224.00
APII,08/07/2020,190.00,190.00,178.00,178.00,56200.00,6807800.00,0.00,10075000.00
APLI,08/07/2020,119.00,119.00,119.00,119.00,100.00,11900.00,0.00,11900.00
APLN,08/07/2020,110.00,111.00,108.00,109.00,12098600.00,-186402096.00,-391772000.00,1325873536.00
APOL,04/03/2020,50.00,50.00,50.00,50.00,0.00,0.00,0.00,0.00
ARGO,08/07/2020,1485.00,1485.00,1485.00,1485.00,0.00,0.00,0.00,0.00
ARII,08/07/2020,464.00,464.00,420.00,444.00,12400.00,-1570800.00,-316400.00,5485200.00
ARKA,08/07/2020,288.00,288.00,288.00,288.00,0.00,0.00,0.00,0.00
ARMY,08/07/2020,50.00,50.00,50.00,50.00,0.00,0.00,0.00,0.00
ARNA,08/07/2020,420.00,422.00,416.00,420.00,2238700.00,21622800.00,877476416.00,940290432.00
ARTA,08/07/2020,302.00,302.00,302.00,302.00,0.00,0.00,0.00,0.00
ARTI,08/07/2020,50.00,50.00,50.00,50.00,0.00,0.00,0.00,0.00
ARTO,08/07/2020,2750.00,2750.00,2730.00,2740.00,22800.00,9411000.00,0.00,62503000.00
ASBI,08/07/2020,264.00,270.00,264.00,270.00,200.00,-600.00,0.00,53400.00
ASDM,08/07/2020,950.00,950.00,950.00,950.00,2200.00,2090000.00,-2090000.00,2090000.00
ASGR,08/07/2020,665.00,675.00,655.00,670.00,470500.00,-19500500.00,6700000.00,314063488.00
ASII,08/07/2020,5225.00,5300.00,5100.00,5275.00,35036700.00,-24949102592.00,44735508480.00,182390390784.00
ASJT,08/07/2020,125.00,132.00,125.00,130.00,44300.00,5410500.00,0.00,5793900.00
ASMI,08/07/2020,1185.00,1185.00,1170.00,1170.00,36400.00,4993000.00,-1287000.00,42752000.00
ASPI,08/07/2020,200.00,204.00,189.00,190.00,13692400.00,-936312704.00,0.00,2692746240.00
ASRI,08/07/2020,120.00,122.00,118.00,118.00,9673500.00,-383464096.00,-46180300.00,1151935488.00
ASRM,08/07/2020,1990.00,2200.00,1990.00,2150.00,74400.00,-26648000.00,0.00,152488000.00
ASSA,08/07/2020,530.00,565.00,530.00,550.00,11896200.00,475736992.00,283249984.00,6477506048.00
ATIC,08/07/2020,575.00,575.00,575.00,575.00,100.00,57500.00,0.00,57500.00
ATPK,09/27/2019,194.00,194.00,194.00,194.00,0.00,0.00,0.00,0.00
AUTO,08/07/2020,875.00,890.00,870.00,875.00,640700.00,-225380992.00,-227491008.00,560457984.00
AYLS,08/07/2020,50.00,50.00,50.00,50.00,2000.00,100000.00,0.00,100000.00
BABP,08/07/2020,50.00,50.00,50.00,50.00,100.00,5000.00,0.00,5000.00
BACA,08/07/2020,400.00,410.00,374.00,406.00,6900.00,2018000.00,-1145400.00,2768800.00
BAJA,08/07/2020,54.00,59.00,54.00,57.00,257000.00,322300.00,0.00,14884300.00
BALI,08/07/2020,880.00,880.00,880.00,880.00,0.00,0.00,0.00,0.00
BAPA,08/07/2020,50.00,50.00,50.00,50.00,1000.00,50000.00,0.00,50000.00
BAPI,08/07/2020,50.00,50.00,50.00,50.00,14500.00,725000.00,0.00,725000.00
BATA,08/07/2020,595.00,615.00,575.00,600.00,7500.00,1502500.00,610000.00,4460500.00
BAYU,08/07/2020,1085.00,1085.00,1025.00,1025.00,14600.00,-11478500.00,0.00,15002500.00
BBCA,08/07/2020,31325.00,31425.00,30800.00,30900.00,8724200.00,-39573417984.00,-83741007872.00,269990445056.00
BBHI,08/07/2020,137.00,180.00,137.00,167.00,2355000.00,-60331900.00,0.00,394237312.00
BBKP,08/07/2020,184.00,206.00,183.00,193.00,889191168.00,6969388032.00,-137935008.00,174521073664.00
BBLD,08/07/2020,360.00,382.00,360.00,382.00,1300.00,196600.00,0.00,484600.00
BBMD,08/07/2020,1465.00,1550.00,1400.00,1400.00,4800.00,1226000.00,-2942000.00,7110000.00
BBNI,08/07/2020,4640.00,4680.00,4600.00,4620.00,28421200.00,-48412700672.00,5279678976.00,131391102976.00
BBNP,04/30/2019,2250.00,2250.00,2250.00,2250.00,0.00,0.00,0.00,0.00
BBRI,08/07/2020,3110.00,3130.00,3060.00,3110.00,89917296.00,-74577076224.00,79475343360.00,278516957184.00
BBRM,08/07/2020,50.00,50.00,50.00,50.00,0.00,0.00,0.00,0.00
BBSS,08/07/2020,130.00,134.00,123.00,125.00,11008000.00,1323410560.00,0.00,1442533888.00
BBTN,08/07/2020,1340.00,1350.00,1310.00,1330.00,35807000.00,-84050496.00,-1349576960.00,47519408128.00
BBYB,08/07/2020,290.00,290.00,290.00,290.00,1200.00,348000.00,0.00,348000.00
BCAP,08/07/2020,148.00,149.00,146.00,147.00,14290900.00,-1460635264.00,178994208.00,2126880896.00
BCIC,08/07/2020,700.00,700.00,700.00,700.00,0.00,0.00,0.00,0.00
BCIP,08/07/2020,50.00,50.00,50.00,50.00,106600.00,1180000.00,0.00,5330000.00
BDMN,08/07/2020,2780.00,2800.00,2730.00,2770.00,543700.00,55324000.00,-291267008.00,1499481984.00
BEEF,08/07/2020,192.00,194.00,189.00,192.00,1846100.00,-153632000.00,0.00,353262016.00
BEKS,08/07/2020,50.00,50.00,50.00,50.00,104600.00,5230000.00,0.00,5230000.00
BELL,08/07/2020,158.00,158.00,154.00,156.00,7452800.00,226527504.00,-312000.00,1161167104.00
BESS,08/07/2020,282.00,294.00,276.00,290.00,2264300.00,-211381408.00,0.00,639581376.00
BEST,08/07/2020,122.00,122.00,116.00,117.00,22681200.00,-1054357696.00,-160219696.00,2677814016.00
BFIN,08/07/2020,280.00,290.00,276.00,284.00,22839600.00,-1992830592.00,-434968384.00,6455581184.00
BGTG,08/07/2020,51.00,52.00,50.00,50.00,2556400.00,-20787000.00,0.00,130161400.00
BHAT,08/07/2020,450.00,452.00,440.00,444.00,128344704.00,13500561408.00,0.00,57240731648.00
BHIT,08/07/2020,50.00,50.00,50.00,50.00,31300.00,1565000.00,0.00,1565000.00
BIKA,08/07/2020,190.00,190.00,190.00,190.00,0.00,0.00,0.00,0.00
BIMA,08/07/2020,50.00,50.00,50.00,50.00,1100.00,55000.00,0.00,55000.00
BINA,08/07/2020,840.00,855.00,840.00,850.00,10200.00,-797000.00,0.00,8613000.00
BIPI,08/07/2020,50.00,50.00,50.00,50.00,25200.00,1260000.00,0.00,1260000.00
BIPP,08/07/2020,72.00,72.00,65.00,68.00,231700.00,-11854100.00,0.00,15301100.00
BIRD,08/07/2020,1055.00,1060.00,1015.00,1020.00,539200.00,-20813000.00,-9544500.00,552966016.00
BISI,08/07/2020,915.00,920.00,895.00,900.00,740800.00,-245092992.00,-87856496.00,666929984.00
BJBR,08/07/2020,920.00,930.00,905.00,910.00,6958900.00,-660263488.00,179375008.00,6345153536.00
BJTM,08/07/2020,555.00,560.00,545.00,550.00,13095300.00,-524985984.00,-2371041536.00,7192272896.00
BKDP,08/07/2020,50.00,50.00,50.00,50.00,2700.00,-115000.00,0.00,135000.00
BKSL,08/07/2020,50.00,50.00,50.00,50.00,181700.00,9085000.00,0.00,9085000.00
BKSW,08/07/2020,75.00,75.00,73.00,73.00,17000.00,-1243000.00,0.00,1243000.00
BLTA,08/07/2020,50.00,50.00,50.00,50.00,50000.00,2500000.00,0.00,2500000.00
BLTZ,08/07/2020,3600.00,3600.00,3600.00,3600.00,0.00,0.00,0.00,0.00
BLUE,08/07/2020,535.00,540.00,525.00,530.00,119100.00,1727500.00,0.00,63394500.00
BM05,08/07/2020,0.00,0.00,0.00,0.00,0.00,0.00,0.00,0.00
BM10,08/07/2020,0.00,0.00,0.00,0.00,0.00,0.00,0.00,0.00
BMAS,08/07/2020,290.00,290.00,274.00,276.00,1900.00,-472400.00,0.00,530000.00
BMRI,08/07/2020,5700.00,5800.00,5625.00,5800.00,28614400.00,-21212559360.00,3551647488.00,163431038976.00
BMSR,08/07/2020,54.00,59.00,54.00,54.00,27500.00,-1397500.00,0.00,1486100.00
BMTR,08/07/2020,202.00,208.00,200.00,202.00,27832000.00,-652899008.00,-1505176064.00,5662348288.00
BNBA,08/07/2020,306.00,314.00,306.00,314.00,481400.00,53162200.00,9745800.00,149594208.00
BNBR,08/07/2020,50.00,50.00,50.00,50.00,100.00,5000.00,0.00,5000.00
BNGA,08/07/2020,765.00,770.00,740.00,750.00,3200700.00,-954591488.00,-379159008.00,2407816448.00
BNII,08/07/2020,197.00,228.00,195.00,204.00,41641000.00,-796228928.00,-50508400.00,8862205952.00
BNLI,08/07/2020,1240.00,1250.00,1235.00,1250.00,6809000.00,1794860032.00,-1099889024.00,8482128896.00
BOGA,08/07/2020,1450.00,1450.00,1430.00,1440.00,90540400.00,86122086400.00,679005504.00,130079981568.00
BOLA,08/07/2020,160.00,165.00,159.00,165.00,47000.00,1738300.00,0.00,7517900.00
BOLT,08/07/2020,855.00,855.00,855.00,855.00,0.00,0.00,0.00,0.00
BORN,01/17/2020,50.00,50.00,50.00,50.00,0.00,0.00,0.00,0.00
BOSS,08/07/2020,76.00,78.00,76.00,76.00,1559500.00,-35555600.00,0.00,119947200.00
BPFI,08/07/2020,1280.00,1280.00,1280.00,1280.00,0.00,0.00,0.00,0.00
BPII,08/07/2020,10000.00,10000.00,10000.00,10000.00,0.00,0.00,0.00,0.00
BPTR,08/07/2020,70.00,78.00,70.00,74.00,34400.00,-372800.00,0.00,2455200.00
BRAM,08/07/2020,5325.00,5325.00,5325.00,5325.00,0.00,0.00,0.00,0.00
BRAU,11/15/2017,82.00,82.00,82.00,82.00,0.00,0.00,0.00,0.00
BRIS,08/07/2020,565.00,565.00,545.00,550.00,71784896.00,-9036750848.00,-872622016.00,39912689664.00
BRMS,08/07/2020,50.00,50.00,50.00,50.00,494600.00,24730000.00,22500000.00,24730000.00
BRNA,08/07/2020,935.00,935.00,930.00,930.00,2000.00,1487500.00,0.00,1860500.00
BRPT,08/07/2020,925.00,930.00,880.00,885.00,80078800.00,-30843920384.00,-6300038656.00,72008204288.00
BSDE,08/07/2020,705.00,705.00,680.00,685.00,18925400.00,594857024.00,-1871598976.00,12965814272.00
BSIM,08/07/2020,500.00,515.00,500.00,515.00,5300.00,2627000.00,0.00,2727000.00
BSSR,08/07/2020,1280.00,1280.00,1275.00,1275.00,4300.00,2677000.00,0.00,5483000.00
BSWD,08/07/2020,1750.00,1750.00,1750.00,1750.00,0.00,0.00,0.00,0.00
BTEK,08/07/2020,50.00,50.00,50.00,50.00,100.00,5000.00,0.00,5000.00
BTEL,08/07/2020,50.00,50.00,50.00,50.00,0.00,0.00,0.00,0.00
BTON,08/07/2020,164.00,167.00,161.00,167.00,224800.00,-28691800.00,0.00,36590000.00
BTPN,08/07/2020,2230.00,2230.00,2170.00,2180.00,185900.00,-338240000.00,-204372000.00,406952000.00
BTPS,08/07/2020,3600.00,3630.00,3570.00,3620.00,7794000.00,6309971968.00,1362679040.00,28022595584.00
BUDI,08/07/2020,90.00,90.00,89.00,90.00,796300.00,-35857300.00,0.00,71317296.00
BUKK,08/07/2020,705.00,705.00,695.00,705.00,26500.00,-18012000.00,209500.00,18576000.00
BULL,08/07/2020,296.00,300.00,288.00,288.00,199086800.00,9578590208.00,-4256257536.00,58582818816.00
BUMI,08/07/2020,50.00,50.00,50.00,50.00,8858000.00,442900000.00,10355000.00,442900000.00
BUVA,08/07/2020,56.00,56.00,54.00,55.00,44000.00,-2181400.00,0.00,2445400.00
BVIC,08/07/2020,60.00,67.00,60.00,61.00,3749400.00,14845000.00,295000.00,236359392.00
BWPT,08/07/2020,117.00,122.00,115.00,117.00,296742400.00,3797979904.00,-384666688.00,35265957888.00
BYAN,08/07/2020,13750.00,13750.00,13200.00,13200.00,13200.00,115002496.00,-166457504.00,176002496.00
CAKK,08/07/2020,50.00,50.00,50.00,50.00,2600.00,130000.00,0.00,130000.00
CAMP,08/07/2020,198.00,200.00,196.00,197.00,125100.00,-4150300.00,0.00,24692700.00
CANI,08/07/2020,124.00,124.00,124.00,124.00,0.00,0.00,0.00,0.00
CARE,08/07/2020,340.00,346.00,338.00,340.00,187857200.00,9157601280.00,-474600.00,64175534080.00
CARS,08/07/2020,50.00,50.00,50.00,50.00,21400.00,1070000.00,0.00,1070000.00
CASA,08/07/2020,310.00,326.00,308.00,326.00,146600.00,38672800.00,-1078000.00,46012800.00
CASS,08/07/2020,187.00,204.00,187.00,197.00,1462000.00,-2206400.00,23901300.00,290512992.00
CBMF,08/07/2020,248.00,248.00,216.00,238.00,5021300.00,1134216192.00,0.00,1134311040.00
CCSI,08/07/2020,248.00,252.00,242.00,242.00,256900.00,9575400.00,0.00,63453400.00
CEKA,08/07/2020,1950.00,1950.00,1910.00,1920.00,75600.00,-86676496.00,0.00,145211504.00
CENT,08/07/2020,139.00,145.00,137.00,143.00,30862400.00,-203020400.00,-9383000.00,4359846400.00
CFIN,08/07/2020,192.00,195.00,188.00,190.00,3227600.00,-349422016.00,-315832896.00,614052800.00
CINT,08/07/2020,242.00,252.00,242.00,252.00,87000.00,21800800.00,0.00,21849200.00
CITA,08/07/2020,1995.00,2000.00,1985.00,2000.00,54300.00,58489500.00,0.00,108295504.00
CITY,08/07/2020,62.00,62.00,51.00,54.00,31600.00,-362300.00,0.00,1669100.00
CKRA,08/07/2020,76.00,76.00,76.00,76.00,0.00,0.00,0.00,0.00
CLAY,08/07/2020,1990.00,1990.00,1990.00,1990.00,0.00,0.00,0.00,0.00
CLEO,08/07/2020,525.00,530.00,515.00,520.00,8831700.00,-67233504.00,-37908000.00,4597638656.00
CLPI,08/07/2020,710.00,715.00,700.00,710.00,37800.00,-7729500.00,0.00,26613500.00
CMNP,08/07/2020,985.00,1000.00,985.00,985.00,54700.00,-22786000.00,-1194000.00,54179000.00
CMPP,08/07/2020,184.00,184.00,184.00,184.00,0.00,0.00,0.00,0.00
CNKO,08/07/2020,50.00,50.00,50.00,50.00,100.00,5000.00,0.00,5000.00
CNTB,08/07/2020,250.00,250.00,250.00,250.00,0.00,0.00,0.00,0.00
CNTX,08/07/2020,240.00,240.00,240.00,240.00,100.00,24000.00,0.00,24000.00
COCO,08/07/2020,775.00,800.00,755.00,795.00,6800.00,-4211500.00,-76500.00,5321500.00
COWL,08/07/2020,50.00,50.00,50.00,50.00,0.00,0.00,0.00,0.00
CPGT,10/18/2017,50.00,50.00,50.00,50.00,0.00,0.00,0.00,0.00
CPIN,08/07/2020,6275.00,6275.00,6200.00,6250.00,5720300.00,-1778437504.00,7042894848.00,35702149120.00
CPRI,08/07/2020,50.00,50.00,50.00,50.00,327800.00,16390000.00,0.00,16390000.00
CPRO,08/07/2020,50.00,50.00,50.00,50.00,0.00,0.00,0.00,0.00
CSAP,08/07/2020,322.00,322.00,300.00,302.00,330300.00,-60511000.00,-35741000.00,104245400.00
CSIS,08/07/2020,50.00,50.00,50.00,50.00,176600.00,8830000.00,0.00,8830000.00
CSMI,08/07/2020,228.00,228.00,194.00,194.00,35800.00,-6868000.00,0.00,6951600.00
CSRA,08/07/2020,316.00,386.00,316.00,346.00,39653000.00,-562638016.00,-24744200.00,14439757824.00
CTBN,08/07/2020,2450.00,2450.00,2450.00,2450.00,0.00,0.00,0.00,0.00
CTRA,08/07/2020,645.00,655.00,625.00,635.00,52666000.00,10013625344.00,-658054016.00,33666447360.00
CTTH,08/07/2020,50.00,51.00,50.00,51.00,8100.00,389200.00,0.00,409600.00
DADA,08/07/2020,73.00,75.00,71.00,72.00,50459300.00,2421423872.00,-7500000.00,3665050112.00
DAJK,05/17/2018,50.00,50.00,50.00,50.00,0.00,0.00,0.00,0.00
DART,08/07/2020,248.00,248.00,248.00,248.00,100.00,24800.00,0.00,24800.00
DAYA,08/07/2020,570.00,570.00,570.00,570.00,0.00,0.00,0.00,0.00
DEAL,08/07/2020,80.00,88.00,80.00,88.00,7796300.00,210941792.00,0.00,667230976.00
DEFI,08/07/2020,1785.00,1785.00,1770.00,1770.00,21300.00,4144500.00,0.00,37835500.00
DEWA,08/07/2020,50.00,50.00,50.00,50.00,2000.00,100000.00,0.00,100000.00
DFAM,08/07/2020,330.00,330.00,308.00,308.00,1200.00,1800.00,-155000.00,373800.00
DGIK,08/07/2020,50.00,50.00,50.00,50.00,100.00,5000.00,0.00,5000.00
DIGI,08/07/2020,1960.00,1960.00,1960.00,1960.00,0.00,0.00,0.00,0.00
DILD,08/07/2020,177.00,179.00,176.00,179.00,895000.00,81425800.00,-5334000.00,159416000.00
DIVA,08/07/2020,1950.00,2000.00,1890.00,2000.00,268100.00,104313000.00,10198000.00,526463008.00
DKFT,08/07/2020,132.00,135.00,128.00,131.00,3724200.00,-168977904.00,25800000.00,484643104.00
DLTA,08/07/2020,4530.00,4530.00,4490.00,4500.00,42100.00,-41205000.00,-168248000.00,189808992.00
DMAS,08/07/2020,234.00,236.00,220.00,222.00,76111600.00,-5240705536.00,504987584.00,17011776512.00
DMMX,08/07/2020,240.00,246.00,238.00,244.00,25866900.00,-2983578624.00,-1086809600.00,6287463936.00
DMND,08/07/2020,950.00,960.00,940.00,955.00,60000.00,30885500.00,-1994500.00,57004500.00
DNAR,08/07/2020,284.00,284.00,262.00,262.00,800.00,3200.00,0.00,214400.00
DNET,08/07/2020,3400.00,3400.00,3400.00,3400.00,0.00,0.00,0.00,0.00
DOID,08/07/2020,288.00,292.00,274.00,278.00,176072496.00,-1460483968.00,-3327386624.00,49479081984.00
DPNS,08/07/2020,260.00,262.00,250.00,250.00,6200.00,-1600400.00,0.00,1600400.00
DPUM,08/07/2020,62.00,65.00,62.00,65.00,175000.00,-9567500.00,0.00,10880100.00
DSFI,08/07/2020,60.00,67.00,60.00,65.00,302300.00,-8729900.00,0.00,19309500.00
DSNG,08/07/2020,384.00,412.00,384.00,406.00,9820600.00,679318016.00,77530000.00,3946127616.00
DSSA,08/07/2020,20500.00,20500.00,20500.00,20500.00,1600.00,32800000.00,0.00,32800000.00
DUCK,08/07/2020,318.00,318.00,306.00,314.00,3813100.00,-199475392.00,-281660192.00,1183534976.00
DUTI,08/07/2020,3530.00,3920.00,3530.00,3920.00,6000.00,5886000.00,0.00,22368000.00
DVLA,08/07/2020,2350.00,2350.00,2280.00,2300.00,24900.00,-52271000.00,0.00,56869000.00
DWGL,08/07/2020,197.00,230.00,196.00,212.00,29400.00,-3308600.00,0.00,5965600.00
DYAN,08/07/2020,50.00,50.00,50.00,50.00,3560800.00,132040000.00,2500000.00,178040000.00
EAST,08/07/2020,52.00,54.00,52.00,53.00,506100.00,-13149000.00,0.00,26983800.00
ECII,08/07/2020,750.00,750.00,750.00,750.00,15000.00,11250000.00,0.00,11250000.00
EKAD,08/07/2020,1245.00,1255.00,1220.00,1245.00,508000.00,-324046496.00,0.00,625741504.00
ELSA,08/07/2020,246.00,246.00,236.00,236.00,83805104.00,-1935511808.00,-448555584.00,20091185152.00
ELTY,08/07/2020,50.00,50.00,50.00,50.00,3000.00,150000.00,0.00,150000.00
EMDE,08/07/2020,202.00,202.00,202.00,202.00,0.00,0.00,0.00,0.00
EMTK,08/07/2020,4290.00,4900.00,4120.00,4900.00,3252400.00,13679297536.00,-13429069824.00,13740191744.00
ENRG,08/07/2020,51.00,51.00,50.00,51.00,3577700.00,160656800.00,0.00,182246800.00
ENVY,08/07/2020,101.00,104.00,99.00,100.00,507124512.00,5313626624.00,-456292704.00,51198029824.00
EPAC,08/07/2020,244.00,252.00,242.00,242.00,2721300.00,-8863000.00,0.00,671253824.00
EPMT,08/07/2020,1855.00,1855.00,1800.00,1850.00,72200.00,-129277000.00,121495000.00,130017000.00
ERAA,08/07/2020,1535.00,1640.00,1530.00,1620.00,74876200.00,1270215552.00,6304017920.00,120299429888.00
ERTX,08/07/2020,120.00,120.00,113.00,113.00,500.00,12700.00,0.00,58500.00
ESIP,08/07/2020,234.00,244.00,232.00,236.00,16612100.00,764950400.00,0.00,3968538112.00
ESSA,08/07/2020,155.00,158.00,155.00,155.00,972900.00,-69696400.00,-2880700.00,151769200.00
ESTA,08/07/2020,98.00,100.00,98.00,100.00,1700.00,-127000.00,0.00,167000.00
ESTI,08/07/2020,50.00,50.00,50.00,50.00,900.00,45000.00,0.00,45000.00
ETWA,08/07/2020,64.00,64.00,64.00,64.00,1000.00,-25600.00,0.00,64000.00
EXCL,08/07/2020,2530.00,2560.00,2410.00,2440.00,26103200.00,-19336693760.00,-3498476032.00,63980109824.00
FAST,08/07/2020,900.00,920.00,900.00,915.00,41600.00,11242500.00,0.00,38164500.00
FASW,08/07/2020,7000.00,7000.00,7000.00,7000.00,500.00,3500000.00,0.00,3500000.00
FILM,08/07/2020,160.00,160.00,153.00,156.00,791400.00,-24537800.00,0.00,123341400.00
FINN,08/07/2020,50.00,50.00,50.00,50.00,0.00,0.00,0.00,0.00
FIRE,08/07/2020,145.00,148.00,136.00,138.00,11064900.00,-576593216.00,-6348500.00,1538107392.00
FISH,08/07/2020,2630.00,2710.00,2630.00,2690.00,700.00,-275000.00,0.00,1881000.00
FITT,08/07/2020,66.00,67.00,66.00,67.00,2100.00,-112000.00,0.00,138800.00
FMII,08/07/2020,745.00,745.00,745.00,745.00,0.00,0.00,0.00,0.00
FOOD,08/07/2020,114.00,117.00,112.00,115.00,7663000.00,-49196100.00,0.00,882351104.00
FORU,08/07/2020,98.00,98.00,82.00,95.00,2700.00,218400.00,0.00,254400.00
FORZ,08/07/2020,50.00,50.00,50.00,50.00,100.00,5000.00,0.00,5000.00
FPNI,08/07/2020,89.00,90.00,88.00,88.00,1908200.00,-102615400.00,-25213800.00,169229200.00
FREN,08/07/2020,147.00,150.00,140.00,143.00,167540496.00,-4394157056.00,-74105000.00,24304248832.00
FUJI,08/07/2020,106.00,106.00,105.00,105.00,200.00,100.00,0.00,21100.00
GAMA,08/07/2020,50.00,50.00,50.00,50.00,0.00,0.00,0.00,0.00
GDST,08/07/2020,54.00,57.00,54.00,56.00,200000.00,-7586200.00,0.00,11233000.00
GDYR,08/07/2020,1430.00,1430.00,1425.00,1425.00,500.00,-144000.00,0.00,714000.00
GEMA,08/07/2020,372.00,372.00,372.00,372.00,0.00,0.00,0.00,0.00
GEMS,08/07/2020,2550.00,2550.00,2550.00,2550.00,0.00,0.00,0.00,0.00
GGRM,08/07/2020,51550.00,51650.00,50250.00,50475.00,1382400.00,-15188357120.00,-6212252672.00,70020505600.00
GGRP,08/07/2020,274.00,288.00,272.00,272.00,4100.00,-507000.00,0.00,1140600.00
GHON,08/07/2020,1405.00,1440.00,1350.00,1355.00,10400.00,-13634500.00,0.00,14202500.00
GIAA,08/07/2020,270.00,280.00,260.00,260.00,227156096.00,-3438008320.00,-6011786240.00,61110870016.00
GJTL,08/07/2020,585.00,585.00,545.00,560.00,5973000.00,-502456992.00,-275984512.00,3322973952.00
GLOB,08/07/2020,160.00,160.00,131.00,132.00,53700.00,-6709600.00,0.00,8522400.00
GLVA,08/07/2020,308.00,322.00,308.00,322.00,1500.00,-22400.00,0.00,473200.00
GMCW,08/12/2019,860.00,860.00,860.00,860.00,0.00,0.00,0.00,0.00
GMFI,08/07/2020,81.00,87.00,81.00,83.00,18336700.00,-86361200.00,0.00,1552243840.00
GMTD,08/07/2020,17975.00,17975.00,17975.00,17975.00,0.00,0.00,0.00,0.00
GOLD,08/07/2020,182.00,212.00,182.00,202.00,150600.00,4499700.00,0.00,28877300.00
GOLL,08/07/2020,50.00,50.00,50.00,50.00,0.00,0.00,0.00,0.00
GOOD,08/07/2020,1335.00,1350.00,1325.00,1325.00,281800.00,211680992.00,-51598000.00,376768000.00
GPRA,08/07/2020,51.00,51.00,50.00,51.00,163900.00,-7589000.00,2750000.00,8201000.00
GREN,08/07/2020,328.00,328.00,328.00,328.00,0.00,0.00,0.00,0.00
GSMF,08/07/2020,100.00,100.00,100.00,100.00,44000.00,360000.00,0.00,4400000.00
GTBO,08/07/2020,75.00,75.00,75.00,75.00,0.00,0.00,0.00,0.00
GWSA,08/07/2020,103.00,103.00,99.00,99.00,20500.00,2081700.00,0.00,2101500.00
GZCO,08/07/2020,50.00,50.00,50.00,50.00,20300.00,1015000.00,0.00,1015000.00
HADE,08/07/2020,50.00,50.00,50.00,50.00,0.00,0.00,0.00,0.00
HDFA,08/07/2020,163.00,163.00,143.00,143.00,6500.00,818100.00,0.00,936500.00
HDIT,08/07/2020,555.00,555.00,496.00,496.00,500.00,-151300.00,0.00,257300.00
HDTX,08/07/2020,120.00,120.00,120.00,120.00,0.00,0.00,0.00,0.00
HEAL,08/07/2020,3140.00,3210.00,3140.00,3150.00,168000.00,-15690000.00,-110561000.00,531398016.00
HELI,08/07/2020,210.00,210.00,200.00,208.00,8300.00,-1252000.00,0.00,1668000.00
HERO,08/07/2020,880.00,880.00,840.00,840.00,4500.00,-3283500.00,0.00,3809500.00
HEXA,08/07/2020,3480.00,3480.00,3440.00,3450.00,67100.00,-99091000.00,-9668000.00,232467008.00
HITS,08/07/2020,550.00,550.00,550.00,550.00,0.00,0.00,0.00,0.00
HKMU,08/07/2020,76.00,77.00,75.00,77.00,14652500.00,210512192.00,-1656800.00,1117440256.00
HMSP,08/07/2020,1680.00,1690.00,1645.00,1655.00,27177300.00,-11221564416.00,-7980922880.00,45012262912.00
HOKI,08/07/2020,640.00,650.00,635.00,640.00,5842400.00,-97212000.00,-572764032.00,3757767936.00
HOME,08/07/2020,50.00,50.00,50.00,50.00,0.00,0.00,0.00,0.00
HOTL,08/07/2020,50.00,50.00,50.00,50.00,6000.00,300000.00,0.00,300000.00
HRME,08/07/2020,52.00,54.00,51.00,52.00,10849300.00,97526704.00,28384500.00,569716288.00
HRTA,08/07/2020,240.00,248.00,234.00,246.00,815000.00,-7805000.00,0.00,197732992.00
HRUM,08/07/2020,1315.00,1315.00,1285.00,1285.00,1654500.00,-245571504.00,-870340992.00,2137934464.00
IATA,08/07/2020,50.00,50.00,50.00,50.00,0.00,0.00,0.00,0.00
IBFN,08/07/2020,290.00,290.00,270.00,270.00,5500.00,-1557000.00,0.00,1557000.00
IBST,08/07/2020,8200.00,8200.00,8200.00,8200.00,0.00,0.00,0.00,0.00
ICBP,08/07/2020,10325.00,10375.00,10075.00,10175.00,11490600.00,-15549747200.00,-32953049088.00,117164220416.00
ICON,08/07/2020,54.00,58.00,54.00,57.00,32100.00,1796000.00,0.00,1850000.00
IDPR,08/07/2020,179.00,179.00,168.00,168.00,109500.00,-14929700.00,-11501200.00,18797300.00
IFII,08/07/2020,132.00,132.00,128.00,131.00,230000.00,-704300.00,0.00,29944900.00
IFSH,08/07/2020,412.00,430.00,410.00,410.00,1000.00,87600.00,0.00,415600.00
IGAR,08/07/2020,294.00,310.00,282.00,282.00,274600.00,40655800.00,0.00,81817000.00
IIKP,08/07/2020,50.00,50.00,50.00,50.00,0.00,0.00,0.00,0.00
IKAI,08/07/2020,50.00,50.00,50.00,50.00,0.00,0.00,0.00,0.00
IKAN,08/07/2020,715.00,725.00,665.00,680.00,18370400.00,-2522451456.00,25160000.00,12653470720.00
IKBI,08/07/2020,220.00,220.00,220.00,220.00,9300.00,1606000.00,0.00,2046000.00
IMAS,08/07/2020,605.00,605.00,580.00,590.00,5664100.00,63943500.00,-10050000.00,3350036480.00
IMJS,08/07/2020,252.00,252.00,234.00,238.00,860900.00,22849600.00,0.00,206603600.00
IMPC,08/07/2020,1260.00,1270.00,1235.00,1235.00,681300.00,654718016.00,-126020000.00,860281984.00
INAF,08/07/2020,3190.00,3190.00,3190.00,3190.00,0.00,0.00,0.00,0.00
INAI,08/07/2020,346.00,346.00,332.00,346.00,700.00,-170200.00,0.00,239400.00
INCF,08/07/2020,50.00,50.00,50.00,50.00,6300.00,315000.00,0.00,315000.00
INCI,08/07/2020,665.00,665.00,640.00,645.00,134200.00,-69165504.00,0.00,86908496.00
INCO,08/07/2020,3690.00,3740.00,3610.00,3650.00,24748500.00,-27516909568.00,-7780616192.00,90991902720.00
INDF,08/07/2020,7025.00,7075.00,6850.00,6875.00,11677700.00,-11652870144.00,-26693173248.00,80774987776.00
INDO,08/07/2020,128.00,128.00,121.00,121.00,912900.00,109192896.00,0.00,110470496.00
INDR,08/07/2020,2270.00,2340.00,2270.00,2340.00,600.00,468000.00,0.00,1376000.00
INDS,08/07/2020,2100.00,2100.00,2030.00,2030.00,18700.00,-39056000.00,1874000.00,39056000.00
INDX,08/07/2020,58.00,59.00,55.00,59.00,9200.00,-472800.00,0.00,507800.00
INDY,08/07/2020,1010.00,1035.00,990.00,990.00,19427600.00,-3801079552.00,-294903488.00,19505321984.00
INKP,08/07/2020,8600.00,8775.00,8325.00,8575.00,12414300.00,740182528.00,-11600955392.00,106437615616.00
INOV,08/07/2020,254.00,254.00,230.00,230.00,85700.00,-9671800.00,0.00,19789400.00
INPC,08/07/2020,52.00,52.00,50.00,50.00,119400.00,-4322300.00,0.00,6007700.00
INPP,08/07/2020,665.00,775.00,665.00,695.00,4300.00,2144000.00,0.00,3011000.00
INPS,08/07/2020,1585.00,1620.00,1530.00,1620.00,14100.00,7995500.00,-2519000.00,22592500.00
INRU,08/07/2020,765.00,765.00,765.00,765.00,0.00,0.00,0.00,0.00
INTA,08/07/2020,260.00,280.00,260.00,270.00,8800.00,2213000.00,0.00,2377000.00
INTD,08/07/2020,159.00,159.00,150.00,150.00,200.00,-900.00,0.00,30900.00
INTP,08/07/2020,12150.00,12150.00,11800.00,11875.00,6785300.00,-14064147456.00,1144630016.00,80972046336.00
IPCC,08/07/2020,436.00,438.00,418.00,420.00,9962100.00,-471578816.00,-42745800.00,4212624896.00
IPCM,08/07/2020,220.00,224.00,212.00,222.00,183200.00,-1168200.00,466000.00,40359000.00
IPOL,08/07/2020,71.00,94.00,71.00,92.00,9671000.00,293861888.00,0.00,834521728.00
IPTV,08/07/2020,328.00,328.00,318.00,318.00,34119700.00,-230478592.00,669726016.00,11014007808.00
IRRA,08/07/2020,545.00,590.00,545.00,590.00,10831000.00,-3098295552.00,-51080500.00,6078558720.00
ISAT,08/07/2020,2400.00,2430.00,2330.00,2390.00,3955800.00,-3299734016.00,2347785984.00,9459476480.00
ISSP,08/07/2020,126.00,126.00,123.00,124.00,2093000.00,-59341800.00,0.00,260545600.00
ITIC,08/07/2020,815.00,820.00,765.00,795.00,745800.00,-180122496.00,-15005500.00,590617472.00
ITMA,08/07/2020,410.00,410.00,410.00,410.00,0.00,0.00,0.00,0.00
ITMG,08/07/2020,7950.00,8000.00,7800.00,7850.00,2027400.00,-4618514944.00,1552659968.00,15957574656.00
ITTG,01/22/2020,82.00,82.00,82.00,82.00,0.00,0.00,0.00,0.00
JAST,08/07/2020,70.00,78.00,69.00,73.00,19773900.00,-140031200.00,15547200.00,1449699456.00
JAWA,08/07/2020,54.00,56.00,50.00,51.00,1100400.00,-32952300.00,0.00,55641700.00
JAYA,08/07/2020,79.00,82.00,77.00,79.00,1033300.00,31674700.00,0.00,82266496.00
JECC,08/07/2020,6350.00,6350.00,6325.00,6350.00,1300.00,637500.00,0.00,8252500.00
JGLE,08/07/2020,50.00,50.00,50.00,50.00,0.00,0.00,0.00,0.00
JIHD,08/07/2020,500.00,520.00,492.00,515.00,15900.00,7024000.00,0.00,8122400.00
JKON,08/07/2020,322.00,340.00,322.00,340.00,210000.00,3933000.00,-3400000.00,70998600.00
JKSW,08/07/2020,60.00,60.00,60.00,60.00,0.00,0.00,0.00,0.00
JMAS,08/07/2020,200.00,208.00,192.00,208.00,10100.00,-569000.00,0.00,1957800.00
JPFA,08/07/2020,1055.00,1070.00,1045.00,1045.00,9515600.00,-3628301056.00,175530000.00,10000036864.00
JPRS,10/05/2018,168.00,168.00,168.00,168.00,0.00,0.00,0.00,0.00
JRPT,08/07/2020,424.00,424.00,418.00,422.00,460200.00,-28989400.00,-42400.00,194075808.00
JSKY,08/07/2020,78.00,80.00,77.00,79.00,1531500.00,-65668400.00,-2574000.00,119992800.00
JSMR,08/07/2020,4120.00,4120.00,3970.00,4030.00,7705200.00,-10972286976.00,-17141706752.00,31092058112.00
JSPT,08/07/2020,995.00,995.00,995.00,995.00,400.00,398000.00,0.00,398000.00
JTPE,08/07/2020,750.00,755.00,750.00,755.00,145300.00,-84358496.00,0.00,108991504.00
KAEF,08/07/2020,3180.00,3180.00,3180.00,3180.00,0.00,0.00,0.00,0.00
KARW,08/07/2020,50.00,50.00,50.00,50.00,500.00,25000.00,0.00,25000.00
KAYU,08/07/2020,50.00,51.00,50.00,50.00,246900.00,4607900.00,0.00,12347900.00
KBAG,08/07/2020,304.00,320.00,290.00,290.00,193900.00,-30431400.00,-32879600.00,57318600.00
KBLI,08/07/2020,378.00,380.00,368.00,374.00,981500.00,-190440800.00,0.00,365610400.00
KBLM,08/07/2020,194.00,198.00,194.00,196.00,195500.00,21753600.00,0.00,38416400.00
KBLV,08/07/2020,310.00,312.00,310.00,312.00,700.00,-218200.00,0.00,218200.00
KBRI,08/07/2020,50.00,50.00,50.00,50.00,0.00,0.00,0.00,0.00
KDSI,08/07/2020,785.00,785.00,720.00,720.00,99600.00,-35728500.00,-67849000.00,73738496.00
KEEN,08/07/2020,332.00,338.00,332.00,338.00,3017700.00,497119200.00,-9964000.00,1009409600.00
KEJU,08/07/2020,1015.00,1030.00,1015.00,1020.00,284400.00,78073504.00,0.00,290523488.00
KIAS,08/07/2020,50.00,50.00,50.00,50.00,500.00,25000.00,0.00,25000.00
KICI,08/07/2020,234.00,236.00,234.00,236.00,600.00,-400.00,0.00,140800.00
KIJA,08/07/2020,144.00,145.00,142.00,143.00,5758100.00,-794280384.00,-654016384.00,829164416.00
KINO,08/07/2020,3350.00,3350.00,3270.00,3290.00,151600.00,-376096992.00,0.00,499644992.00
KIOS,08/07/2020,173.00,174.00,163.00,165.00,11700.00,-1212600.00,0.00,2007800.00
KJEN,08/07/2020,1100.00,1100.00,1100.00,1100.00,0.00,0.00,0.00,0.00
KKGI,08/07/2020,190.00,198.00,189.00,194.00,23100.00,-4218600.00,0.00,4413400.00
KLBF,08/07/2020,1600.00,1610.00,1575.00,1580.00,32217900.00,-25723340800.00,-9654421504.00,51054039040.00
KMTR,08/07/2020,318.00,318.00,304.00,318.00,15300.00,894400.00,0.00,4825600.00
KOBX,08/07/2020,91.00,92.00,89.00,90.00,115600.00,-89800.00,0.00,10487200.00
KOIN,08/07/2020,100.00,100.00,100.00,100.00,0.00,0.00,0.00,0.00
KONI,08/07/2020,525.00,525.00,525.00,525.00,0.00,0.00,0.00,0.00
KOPI,08/07/2020,500.00,500.00,500.00,500.00,29400.00,14700000.00,0.00,14700000.00
KOTA,08/07/2020,645.00,645.00,630.00,635.00,15665100.00,9649391616.00,107648000.00,10010068992.00
KPAL,08/07/2020,54.00,58.00,54.00,56.00,873400.00,-29920000.00,0.00,48462600.00
KPAS,08/07/2020,51.00,51.00,50.00,50.00,1184000.00,-58937400.00,0.00,59202600.00
KPIG,08/07/2020,109.00,109.00,107.00,108.00,14624800.00,-550904832.00,88671000.00,1582083456.00
KRAH,08/07/2020,448.00,448.00,448.00,448.00,4300.00,-1568000.00,0.00,1926400.00
KRAS,08/07/2020,378.00,392.00,372.00,376.00,105954200.00,6315739648.00,-241692800.00,40589635584.00
KREN,08/07/2020,102.00,106.00,101.00,103.00,12931300.00,-114719696.00,-105658800.00,1326551936.00
LAMI,12/27/2017,368.00,368.00,368.00,368.00,0.00,0.00,0.00,0.00
LAND,08/07/2020,199.00,212.00,191.00,202.00,99400.00,7977200.00,0.00,20440000.00
LAPD,08/07/2020,50.00,50.00,50.00,50.00,0.00,0.00,0.00,0.00
LCGP,08/07/2020,114.00,114.00,114.00,114.00,0.00,0.00,0.00,0.00
LCKM,08/07/2020,372.00,374.00,372.00,374.00,9800.00,3647600.00,0.00,3647600.00
LEAD,08/07/2020,50.00,50.00,50.00,50.00,100.00,5000.00,0.00,5000.00
LIFE,08/07/2020,5450.00,5450.00,5450.00,5450.00,0.00,0.00,0.00,0.00
LINK,08/07/2020,1960.00,1975.00,1915.00,1925.00,1351400.00,-780204032.00,-556684480.00,2627188992.00
LION,08/07/2020,300.00,306.00,286.00,288.00,85500.00,-20200000.00,0.00,24614000.00
LMAS,08/07/2020,50.00,50.00,50.00,50.00,1500.00,75000.00,0.00,75000.00
LMPI,08/07/2020,81.00,83.00,81.00,83.00,700.00,-23900.00,0.00,57100.00
LMSH,08/07/2020,246.00,246.00,246.00,246.00,0.00,0.00,0.00,0.00
LPCK,08/07/2020,790.00,810.00,780.00,785.00,185000.00,-28018500.00,-89188000.00,146002496.00
LPGI,08/07/2020,3750.00,3780.00,3690.00,3700.00,97100.00,121350000.00,-326427008.00,361704000.00
LPIN,08/07/2020,216.00,230.00,212.00,214.00,104500.00,4430400.00,0.00,23042400.00
LPKR,08/07/2020,143.00,145.00,138.00,138.00,10371600.00,-776588992.00,-353748608.00,1445830144.00
LPLI,08/07/2020,76.00,76.00,76.00,76.00,0.00,0.00,0.00,0.00
LPPF,08/07/2020,1280.00,1295.00,1220.00,1230.00,33539000.00,-14596199424.00,-5563543040.00,42050379776.00
LPPS,08/07/2020,72.00,72.00,72.00,72.00,22900.00,223200.00,0.00,1648800.00
LRNA,08/07/2020,146.00,146.00,146.00,146.00,0.00,0.00,0.00,0.00
LSIP,08/07/2020,990.00,1040.00,980.00,995.00,85714304.00,-8274840064.00,338862496.00,86663766016.00
LTLS,08/07/2020,440.00,442.00,434.00,442.00,27500.00,10136800.00,0.00,12139200.00
LUCK,08/07/2020,216.00,216.00,216.00,216.00,1004100.00,216842400.00,0.00,216885600.00
MABA,08/07/2020,50.00,50.00,50.00,50.00,0.00,0.00,0.00,0.00
MAGP,08/07/2020,50.00,50.00,50.00,50.00,0.00,0.00,0.00,0.00
MAIN,08/07/2020,595.00,600.00,580.00,585.00,4061000.00,-373584000.00,-222759008.00,2383566080.00
MAMI,08/07/2020,50.00,50.00,50.00,50.00,2800.00,140000.00,0.00,140000.00
MAMIP,08/07/2020,600.00,600.00,600.00,600.00,0.00,0.00,0.00,0.00
MAPA,08/07/2020,2090.00,2130.00,2060.00,2080.00,1176000.00,-1750284032.00,36568000.00,2460128000.00
MAPB,08/07/2020,1330.00,1480.00,1310.00,1310.00,1100.00,1307500.00,0.00,1569500.00
MAPI,08/07/2020,700.00,710.00,685.00,700.00,42980200.00,5909037568.00,5206847488.00,29949952000.00
MARI,08/07/2020,50.00,51.00,50.00,50.00,6442400.00,-21657100.00,0.00,322282912.00
MARK,08/07/2020,875.00,900.00,875.00,890.00,6113400.00,1134922496.00,191624992.00,5433938432.00
MASA,08/07/2020,565.00,605.00,555.00,555.00,33900.00,18702500.00,0.00,19373500.00
MAYA,08/07/2020,6500.00,6500.00,6500.00,6500.00,0.00,0.00,0.00,0.00
MBAP,08/07/2020,1735.00,1770.00,1700.00,1750.00,369400.00,-321255488.00,-1736000.00,635838528.00
MBSS,08/07/2020,420.00,420.00,400.00,412.00,1664200.00,-558232384.00,0.00,684793600.00
MBTO,08/07/2020,75.00,76.00,70.00,70.00,223000.00,-16166800.00,0.00,16722000.00
MCAS,08/07/2020,2300.00,2340.00,2280.00,2310.00,1727000.00,-1122552064.00,850993984.00,4000216064.00
MCOR,08/07/2020,129.00,132.00,125.00,127.00,6744700.00,11737500.00,0.00,864033728.00
MDIA,08/07/2020,50.00,50.00,50.00,50.00,2100.00,105000.00,0.00,105000.00
MDKA,08/07/2020,2040.00,2120.00,2010.00,2050.00,140705296.00,-51708923904.00,45518548992.00,290925445120.00
MDKI,08/07/2020,152.00,153.00,147.00,153.00,27800.00,1240200.00,0.00,4180400.00
MDLN,08/07/2020,56.00,57.00,55.00,56.00,30947700.00,-57022900.00,-355718112.00,1734131072.00
MDRN,08/07/2020,50.00,50.00,50.00,50.00,1000.00,50000.00,0.00,50000.00
MEDC,08/07/2020,474.00,486.00,470.00,474.00,100464496.00,273970816.00,2000792832.00,48004448256.00
MEGA,08/07/2020,7200.00,7200.00,7200.00,7200.00,100.00,720000.00,0.00,720000.00
MERK,08/07/2020,3550.00,3600.00,3480.00,3500.00,653300.00,-910771008.00,-1146044032.00,2290906880.00
META,08/07/2020,109.00,111.00,107.00,110.00,342900.00,16295100.00,0.00,37635100.00
MFIN,08/07/2020,970.00,995.00,970.00,995.00,12700.00,12624500.00,0.00,12624500.00
MFMI,08/07/2020,520.00,520.00,520.00,520.00,4200.00,2080000.00,0.00,2184000.00
MGNA,08/07/2020,50.00,50.00,50.00,50.00,0.00,0.00,0.00,0.00
MGRO,08/07/2020,800.00,830.00,795.00,815.00,4506800.00,1056349504.00,0.00,3662489600.00
MICE,08/07/2020,306.00,306.00,300.00,300.00,4700.00,226200.00,0.00,1426200.00
MIDI,08/07/2020,1390.00,1390.00,1390.00,1390.00,300.00,-417000.00,0.00,417000.00
MIKA,08/07/2020,2480.00,2490.00,2390.00,2440.00,25790200.00,-2867383040.00,-20830339072.00,62590033920.00
MINA,08/07/2020,50.00,50.00,50.00,50.00,3700.00,185000.00,0.00,185000.00
MIRA,08/07/2020,50.00,50.00,50.00,50.00,100.00,5000.00,0.00,5000.00
MITI,08/07/2020,51.00,51.00,51.00,51.00,0.00,0.00,0.00,0.00
MKNT,08/07/2020,50.00,50.00,50.00,50.00,100.00,5000.00,0.00,5000.00
MKPI,08/07/2020,14625.00,14625.00,14625.00,14625.00,0.00,0.00,0.00,0.00
MLBI,08/07/2020,9625.00,9675.00,9625.00,9650.00,67600.00,-226807504.00,-140480000.00,651397504.00
MLIA,08/07/2020,530.00,535.00,505.00,505.00,5447700.00,2521285120.00,-40999000.00,2862156032.00
MLPL,08/07/2020,51.00,51.00,50.00,50.00,1127700.00,-48759500.00,0.00,56460500.00
MLPT,08/07/2020,565.00,585.00,560.00,570.00,183800.00,-76976000.00,0.00,105172000.00
MMLP,08/07/2020,188.00,188.00,187.00,188.00,2200100.00,350231392.00,-321091392.00,413575008.00
MNCN,08/07/2020,885.00,900.00,870.00,890.00,87606800.00,2897302528.00,-1205458560.00,77505896448.00
MOLI,08/07/2020,850.00,950.00,850.00,950.00,27700.00,4174000.00,0.00,25084000.00
MPMX,08/07/2020,484.00,484.00,476.00,482.00,684200.00,38156200.00,6096000.00,328648192.00
MPOW,08/07/2020,53.00,58.00,53.00,56.00,272800.00,10728500.00,0.00,14649100.00
MPPA,08/07/2020,111.00,112.00,108.00,110.00,597600.00,-56954200.00,0.00,66328200.00
MPRO,08/07/2020,875.00,875.00,875.00,875.00,0.00,0.00,0.00,0.00
MRAT,08/07/2020,138.00,144.00,138.00,139.00,12600.00,-1544700.00,0.00,1745300.00
MREI,08/07/2020,4400.00,4400.00,4400.00,4400.00,0.00,0.00,0.00,0.00
MSIN,08/07/2020,272.00,284.00,272.00,282.00,9483800.00,-524660608.00,60566800.00,2638892544.00
MSKY,08/07/2020,1140.00,1140.00,1140.00,1140.00,100.00,114000.00,-114000.00,114000.00
MTDL,08/07/2020,1595.00,1600.00,1560.00,1570.00,1668000.00,709008512.00,-952787968.00,2620700416.00
MTFN,08/07/2020,50.00,50.00,50.00,50.00,100.00,5000.00,0.00,5000.00
MTLA,08/07/2020,386.00,386.00,386.00,386.00,600.00,231600.00,0.00,231600.00
MTPS,08/07/2020,135.00,144.00,135.00,139.00,12500.00,-94300.00,0.00,1718900.00
MTRA,08/07/2020,244.00,244.00,244.00,244.00,0.00,0.00,0.00,0.00
MTSM,08/07/2020,202.00,202.00,202.00,202.00,0.00,0.00,0.00,0.00
MTWI,08/07/2020,50.00,51.00,50.00,51.00,200.00,100.00,0.00,10100.00
MYOH,08/07/2020,1100.00,1125.00,1100.00,1115.00,75400.00,41317000.00,0.00,84321000.00
MYOR,08/07/2020,2280.00,2300.00,2240.00,2260.00,4208600.00,1131661056.00,5089453056.00,9504664576.00
MYRX,08/07/2020,50.00,50.00,50.00,50.00,0.00,0.00,0.00,0.00
MYRXP,08/07/2020,50.00,50.00,50.00,50.00,0.00,0.00,0.00,0.00
MYTX,08/07/2020,51.00,53.00,50.00,52.00,102800.00,-3430700.00,0.00,5169300.00
NAGA,08/22/2019,236.00,236.00,236.00,236.00,0.00,0.00,0.00,0.00
NASA,08/07/2020,104.00,104.00,104.00,104.00,0.00,0.00,0.00,0.00
NATO,08/07/2020,252.00,266.00,252.00,260.00,192500.00,16814000.00,30984200.00,49314800.00
NELY,08/07/2020,132.00,132.00,132.00,132.00,2100.00,277200.00,0.00,277200.00
NFCX,08/07/2020,1840.00,1900.00,1830.00,1900.00,139800.00,147279504.00,0.00,262046496.00
NICK,08/07/2020,306.00,306.00,306.00,306.00,0.00,0.00,0.00,0.00
NIKL,08/07/2020,905.00,945.00,890.00,900.00,13247600.00,-2286653952.00,175440000.00,12104213504.00
NIPS,08/07/2020,282.00,282.00,282.00,282.00,0.00,0.00,0.00,0.00
NIRO,08/07/2020,134.00,140.00,134.00,138.00,100400.00,13855400.00,-13800000.00,13855400.00
NISP,08/07/2020,705.00,720.00,700.00,705.00,532200.00,-305632992.00,-334552000.00,378051008.00
NOBU,08/07/2020,675.00,675.00,675.00,675.00,800.00,-405000.00,0.00,540000.00
NRCA,08/07/2020,318.00,318.00,312.00,314.00,81200.00,-6789800.00,0.00,25465800.00
NUSA,08/07/2020,50.00,50.00,50.00,50.00,100.00,5000.00,0.00,5000.00
NZIA,08/07/2020,178.00,199.00,175.00,176.00,81300.00,-11540800.00,0.00,14376200.00
OASA,08/07/2020,398.00,398.00,398.00,398.00,100.00,39800.00,0.00,39800.00
OCAP,08/07/2020,174.00,174.00,174.00,174.00,0.00,0.00,0.00,0.00
OKAS,08/07/2020,74.00,81.00,74.00,79.00,252100.00,-6701500.00,0.00,20111100.00
OMRE,08/07/2020,316.00,316.00,316.00,316.00,0.00,0.00,0.00,0.00
OPMS,08/07/2020,128.00,152.00,128.00,151.00,30108800.00,1287982848.00,0.00,4294351616.00
PADI,08/07/2020,50.00,50.00,50.00,50.00,75000.00,3750000.00,0.00,3750000.00
PALM,08/07/2020,264.00,272.00,252.00,260.00,267600.00,-1385800.00,0.00,70564600.00
PAMG,08/07/2020,80.00,85.00,78.00,80.00,115072496.00,1136306944.00,0.00,9387657216.00
PANI,08/07/2020,58.00,59.00,56.00,56.00,16800.00,-925600.00,0.00,972800.00
PANR,08/07/2020,80.00,82.00,78.00,78.00,570600.00,-7887900.00,0.00,45262900.00
PANS,08/07/2020,815.00,825.00,810.00,820.00,127700.00,-22864000.00,-22064500.00,104256000.00
PBID,08/07/2020,900.00,900.00,870.00,880.00,29000.00,2339500.00,-1221500.00,25454500.00
PBRX,08/07/2020,250.00,250.00,244.00,246.00,31200.00,-6816200.00,0.00,7758600.00
PBSA,08/07/2020,670.00,670.00,670.00,670.00,600.00,-402000.00,0.00,402000.00
PCAR,08/07/2020,336.00,370.00,314.00,370.00,43100.00,-6279200.00,0.00,13627600.00
PDES,08/07/2020,450.00,450.00,450.00,450.00,100.00,45000.00,0.00,45000.00
PEGE,08/07/2020,150.00,150.00,137.00,143.00,3700.00,250700.00,0.00,524700.00
PEHA,08/07/2020,1780.00,2050.00,1660.00,1910.00,17258300.00,-5271966208.00,154875008.00,33379194880.00
PGAS,08/07/2020,1255.00,1255.00,1200.00,1210.00,95092896.00,-26768312320.00,-16443006976.00,116029505536.00
PGLI,08/07/2020,204.00,204.00,190.00,190.00,7200.00,-136600.00,0.00,1383400.00
PGUN,08/07/2020,372.00,374.00,370.00,372.00,3545100.00,-434479200.00,0.00,1319424384.00
PICO,08/07/2020,188.00,188.00,179.00,181.00,321400.00,-23234600.00,0.00,58388600.00
PJAA,08/07/2020,535.00,540.00,525.00,540.00,64500.00,-1548500.00,0.00,34509500.00
PKPK,08/07/2020,50.00,50.00,50.00,50.00,3100.00,155000.00,0.00,155000.00
PLAS,08/07/2020,50.00,50.00,50.00,50.00,0.00,0.00,0.00,0.00
PLIN,08/07/2020,2420.00,2420.00,2400.00,2400.00,900.00,-2162000.00,1920000.00,2162000.00
PMJS,08/07/2020,130.00,130.00,126.00,127.00,19800.00,-965200.00,0.00,2512400.00
PNBN,08/07/2020,785.00,785.00,765.00,775.00,3845400.00,-1344397952.00,4541000.00,2973896960.00
PNBS,08/07/2020,50.00,50.00,50.00,50.00,107800.00,5390000.00,0.00,5390000.00
PNIN,08/07/2020,720.00,725.00,720.00,720.00,43400.00,-13330000.00,-27560000.00,31310000.00
PNLF,08/07/2020,179.00,181.00,177.00,178.00,8727200.00,-212632800.00,-79143000.00,1553763456.00
PNSE,08/07/2020,900.00,900.00,900.00,900.00,100.00,90000.00,0.00,90000.00
POLA,08/07/2020,51.00,51.00,51.00,51.00,200.00,10200.00,0.00,10200.00
POLI,08/07/2020,1245.00,1280.00,1165.00,1245.00,154700.00,8524000.00,0.00,185015008.00
POLL,08/07/2020,3830.00,4400.00,3660.00,3660.00,43500.00,-36765000.00,-69215000.00,168824992.00
POLU,08/07/2020,1130.00,1130.00,860.00,1000.00,14400.00,-685500.00,0.00,13598500.00
POLY,08/07/2020,50.00,50.00,50.00,50.00,2500.00,125000.00,0.00,125000.00
POOL,08/07/2020,50.00,50.00,50.00,50.00,0.00,0.00,0.00,0.00
PORT,08/07/2020,550.00,550.00,515.00,515.00,800.00,-223500.00,0.00,436500.00
POSA,08/07/2020,50.00,50.00,50.00,50.00,3400.00,170000.00,0.00,170000.00
POWR,08/07/2020,640.00,655.00,630.00,635.00,13283700.00,-3554852096.00,-3090127616.00,8481415168.00
PPRE,08/07/2020,179.00,179.00,174.00,174.00,8888900.00,-689676800.00,-96998496.00,1564536448.00
PPRO,08/07/2020,50.00,50.00,50.00,50.00,2186900.00,109345000.00,0.00,109345000.00
PRAS,08/07/2020,109.00,109.00,109.00,109.00,0.00,0.00,0.00,0.00
PRDA,08/07/2020,3010.00,3090.00,2990.00,3000.00,30300.00,-8674000.00,-57449000.00,91168000.00
PRIM,08/07/2020,270.00,270.00,270.00,270.00,0.00,0.00,0.00,0.00
PSAB,08/07/2020,286.00,294.00,272.00,276.00,154866304.00,-12361629696.00,-332448800.00,43862028288.00
PSDN,08/07/2020,114.00,114.00,108.00,108.00,5900.00,-235300.00,0.00,647700.00
PSGO,08/07/2020,118.00,120.00,110.00,112.00,100300.00,-10366300.00,-199800.00,11144700.00
PSKT,08/07/2020,50.00,50.00,50.00,50.00,900.00,45000.00,0.00,45000.00
PSSI,08/07/2020,166.00,168.00,163.00,168.00,95700.00,-7681300.00,0.00,15738300.00
PTBA,08/07/2020,2090.00,2090.00,2020.00,2050.00,26817300.00,-10512038912.00,9203307520.00,54957481984.00
PTIS,08/07/2020,164.00,164.00,164.00,164.00,0.00,0.00,0.00,0.00
PTPP,08/07/2020,940.00,950.00,915.00,925.00,18076000.00,-2616389888.00,-301115488.00,16748222464.00
PTPW,08/07/2020,1680.00,1700.00,1630.00,1640.00,8102400.00,-646250496.00,-1078691968.00,13471505408.00
PTRO,08/07/2020,1920.00,1960.00,1900.00,1915.00,907000.00,-558813504.00,0.00,1739781504.00
PTSN,08/07/2020,200.00,232.00,200.00,232.00,19016700.00,432566208.00,-91017000.00,4245352960.00
PTSP,08/07/2020,5300.00,5300.00,5300.00,5300.00,0.00,0.00,0.00,0.00
PUDP,08/07/2020,234.00,234.00,234.00,234.00,100.00,-23400.00,0.00,23400.00
PURA,08/07/2020,125.00,126.00,123.00,126.00,39427500.00,2539613440.00,690149824.00,4930963456.00
PURE,08/07/2020,107.00,114.00,107.00,111.00,1303300.00,25276600.00,-1110000.00,146184800.00
PWON,08/07/2020,390.00,392.00,374.00,376.00,176316800.00,-31154313216.00,-24892784640.00,67184521216.00
PYFA,08/07/2020,980.00,1140.00,915.00,1035.00,25744900.00,-1855572992.00,60395000.00,27283034112.00
PZZA,08/07/2020,600.00,610.00,595.00,600.00,1777000.00,-465932512.00,-817865024.00,1070327488.00
RAJA,08/07/2020,123.00,125.00,117.00,119.00,11274000.00,-299297888.00,0.00,1356809088.00
RALS,08/07/2020,590.00,610.00,590.00,610.00,65680800.00,6013130752.00,-4279447552.00,39392915456.00
RANC,08/07/2020,440.00,446.00,430.00,440.00,2541400.00,-507505216.00,-364146592.00,1110207232.00
RBMS,08/07/2020,50.00,50.00,50.00,50.00,1500.00,75000.00,0.00,75000.00
RDTX,08/07/2020,5750.00,5750.00,5750.00,5750.00,7000.00,40250000.00,0.00,40250000.00
REAL,08/07/2020,50.00,50.00,50.00,50.00,27300.00,1365000.00,0.00,1365000.00
RELI,08/07/2020,340.00,340.00,340.00,340.00,0.00,0.00,0.00,0.00
RICY,08/07/2020,80.00,82.00,76.00,80.00,23800.00,-1011900.00,0.00,1854900.00
RIGS,08/07/2020,232.00,232.00,232.00,232.00,100.00,23200.00,0.00,23200.00
RIMO,08/07/2020,50.00,50.00,50.00,50.00,0.00,0.00,0.00,0.00
RISE,08/07/2020,422.00,422.00,420.00,420.00,408900.00,162767392.00,0.00,172552992.00
RMBA,08/07/2020,220.00,244.00,220.00,242.00,1200.00,246200.00,0.00,290200.00
RODA,08/07/2020,50.00,50.00,50.00,50.00,9300.00,465000.00,0.00,465000.00
RONY,08/07/2020,119.00,125.00,118.00,118.00,67200.00,-1741100.00,0.00,7939100.00
ROTI,08/07/2020,1200.00,1220.00,1200.00,1215.00,65100.00,-18833000.00,19925000.00,78685000.00
RUIS,08/07/2020,174.00,176.00,167.00,167.00,90900.00,12709000.00,0.00,15563200.00
SAFE,08/07/2020,194.00,195.00,194.00,194.00,299100.00,58146500.00,0.00,58146500.00
SAME,08/07/2020,76.00,79.00,73.00,73.00,4312100.00,-94737296.00,0.00,321925696.00
SAMF,08/07/2020,380.00,380.00,350.00,358.00,60100.00,-20866800.00,0.00,21159200.00
SAPX,08/07/2020,2250.00,2250.00,2250.00,2250.00,0.00,0.00,0.00,0.00
SATU,08/07/2020,50.00,50.00,50.00,50.00,0.00,0.00,0.00,0.00
SBAT,08/07/2020,197.00,200.00,190.00,191.00,5274100.00,79473696.00,0.00,1021388928.00
SCBD,04/17/2020,2700.00,2700.00,2700.00,2700.00,0.00,0.00,0.00,0.00
SCCO,08/07/2020,9775.00,9775.00,9775.00,9775.00,0.00,0.00,0.00,0.00
SCMA,08/07/2020,1260.00,1265.00,1220.00,1220.00,19815000.00,-8794845184.00,767043520.00,24364402688.00
SCPI,08/07/2020,29000.00,29000.00,29000.00,29000.00,0.00,0.00,0.00,0.00
SDMU,08/07/2020,50.00,50.00,50.00,50.00,900.00,45000.00,0.00,45000.00
SDPC,08/07/2020,121.00,130.00,121.00,127.00,218900.00,-9212800.00,0.00,27683600.00
SDRA,08/07/2020,740.00,790.00,740.00,790.00,14800.00,803500.00,6128500.00,11503500.00
SFAN,08/07/2020,975.00,975.00,975.00,975.00,300.00,292500.00,0.00,292500.00
SGRO,08/07/2020,1810.00,1810.00,1785.00,1795.00,164500.00,134628000.00,17950000.00,295732992.00
SHID,08/07/2020,3800.00,3800.00,3700.00,3700.00,500.00,1860000.00,0.00,1860000.00
SHIP,08/07/2020,580.00,585.00,570.00,580.00,424300.00,138861504.00,0.00,244596496.00
SIAP,06/14/2019,83.00,83.00,83.00,83.00,0.00,0.00,0.00,0.00
SIDO,08/07/2020,1405.00,1415.00,1365.00,1405.00,7144000.00,-1974893440.00,-189778496.00,9909178368.00
SILO,08/07/2020,4670.00,4670.00,4640.00,4650.00,116900.00,-386235008.00,61755000.00,543609024.00
SIMA,08/07/2020,50.00,50.00,50.00,50.00,0.00,0.00,0.00,0.00
SIMP,08/07/2020,312.00,330.00,312.00,322.00,24396700.00,1630713856.00,292019584.00,7909440000.00
SINI,08/07/2020,464.00,540.00,460.00,480.00,26600.00,-6115500.00,9600000.00,12861300.00
SIPD,08/07/2020,970.00,970.00,970.00,970.00,100.00,-97000.00,0.00,97000.00
SKBM,08/07/2020,346.00,346.00,342.00,342.00,2900.00,992200.00,0.00,992200.00
SKLT,08/07/2020,1610.00,1610.00,1610.00,1610.00,0.00,0.00,0.00,0.00
SKRN,08/07/2020,640.00,705.00,640.00,705.00,13797000.00,8830137344.00,0.00,9610576896.00
SKYB,08/07/2020,51.00,51.00,51.00,51.00,0.00,0.00,0.00,0.00
SLIS,08/07/2020,5175.00,5275.00,5175.00,5175.00,246300.00,964547520.00,-2637500.00,1283457536.00
SMAR,08/07/2020,3330.00,3330.00,3240.00,3310.00,4100.00,2355000.00,0.00,13419000.00
SMBR,08/07/2020,525.00,555.00,505.00,525.00,59269900.00,-1816414464.00,-608309504.00,31466553344.00
SMCB,08/07/2020,1015.00,1020.00,1000.00,1015.00,124100.00,73184496.00,0.00,125320496.00
SMDM,08/07/2020,99.00,100.00,99.00,100.00,5000.00,495100.00,0.00,495100.00
SMDR,08/07/2020,236.00,258.00,236.00,248.00,1129100.00,-167999392.00,-37500000.00,284004608.00
SMGR,08/07/2020,9600.00,9875.00,9575.00,9675.00,5920600.00,5522129920.00,5604279808.00,57523048448.00
SMKL,08/07/2020,178.00,188.00,178.00,188.00,1100.00,-86000.00,0.00,198800.00
SMMA,08/07/2020,16550.00,16550.00,16550.00,16550.00,100.00,-1655000.00,-1655000.00,1655000.00
SMMT,08/07/2020,88.00,89.00,86.00,87.00,119800.00,4425400.00,0.00,10425200.00
SMRA,08/07/2020,550.00,555.00,530.00,530.00,75328896.00,-11638520832.00,-24876382208.00,40474501120.00
SMRU,08/07/2020,50.00,50.00,50.00,50.00,0.00,0.00,0.00,0.00
SMSM,08/07/2020,1335.00,1350.00,1315.00,1335.00,2186300.00,708193024.00,245675008.00,2925096960.00
SOBI,06/22/2017,1700.00,1700.00,1700.00,1700.00,0.00,0.00,0.00,0.00
SOCI,08/07/2020,134.00,135.00,128.00,128.00,25111900.00,-1757501440.00,-47138500.00,3275802880.00
SONA,08/07/2020,6000.00,6000.00,6000.00,6000.00,0.00,0.00,0.00,0.00
SOSS,08/07/2020,374.00,386.00,350.00,382.00,16600.00,6066600.00,0.00,6211400.00
SOTS,08/07/2020,228.00,228.00,198.00,208.00,2000.00,123200.00,0.00,411200.00
SPMA,08/07/2020,250.00,260.00,250.00,258.00,32000.00,2025800.00,0.00,8025800.00
SPTO,08/07/2020,404.00,410.00,402.00,408.00,215700.00,6175400.00,27268000.00,87385400.00
SQMI,08/07/2020,198.00,208.00,194.00,194.00,19369600.00,-201776608.00,0.00,3871147520.00
SRAJ,08/07/2020,127.00,133.00,127.00,128.00,59900.00,7549200.00,0.00,7958600.00
SRIL,08/07/2020,193.00,193.00,189.00,191.00,10089400.00,-660104128.00,2693700.00,1924020480.00
SRSN,08/07/2020,59.00,59.00,57.00,57.00,5219000.00,94927696.00,0.00,301247296.00
SRTG,08/07/2020,2790.00,2790.00,2760.00,2770.00,35000.00,53419000.00,0.00,97477000.00
SSIA,08/07/2020,364.00,370.00,354.00,360.00,20516000.00,-2079236992.00,-1507147776.00,7459450368.00
SSMS,08/07/2020,855.00,860.00,810.00,820.00,384600.00,-230681504.00,-41845000.00,322451488.00
SSTM,08/07/2020,585.00,585.00,585.00,585.00,1200.00,468000.00,0.00,702000.00
STAR,08/07/2020,147.00,147.00,147.00,147.00,100.00,-14700.00,0.00,14700.00
STTP,08/07/2020,7925.00,7925.00,7925.00,7925.00,300.00,2377500.00,0.00,2377500.00
SUGI,08/07/2020,50.00,50.00,50.00,50.00,0.00,0.00,0.00,0.00
SULI,08/07/2020,50.00,50.00,50.00,50.00,200.00,10000.00,0.00,10000.00
SUPR,08/07/2020,4650.00,4650.00,4650.00,4650.00,0.00,0.00,0.00,0.00
SURE,08/07/2020,2900.00,2900.00,2900.00,2900.00,4500.00,13050000.00,0.00,13050000.00
SWAT,08/07/2020,93.00,94.00,90.00,92.00,1594300.00,84411504.00,0.00,147164496.00
TALF,08/07/2020,228.00,228.00,228.00,228.00,100.00,22800.00,0.00,22800.00
TAMA,08/07/2020,172.00,172.00,153.00,162.00,1700.00,-132400.00,0.00,265400.00
TAMU,08/07/2020,53.00,54.00,52.00,53.00,2545100.00,-96124200.00,-8183200.00,133734800.00
TARA,08/07/2020,55.00,55.00,55.00,55.00,117000.00,6435000.00,-6435000.00,6435000.00
TAXI,08/07/2020,50.00,50.00,50.00,50.00,0.00,0.00,0.00,0.00
TBIG,08/07/2020,1300.00,1300.00,1240.00,1275.00,49701800.00,2798800896.00,-6362413056.00,63228149760.00
TBLA,08/07/2020,765.00,800.00,765.00,785.00,8816200.00,-204576992.00,-622342016.00,6939038208.00
TBMS,08/07/2020,625.00,625.00,620.00,620.00,3200.00,1991500.00,0.00,1991500.00
TCID,08/07/2020,6625.00,6650.00,6625.00,6650.00,2800.00,-5317500.00,-17955000.00,18617500.00
TCPI,08/07/2020,4230.00,4250.00,4100.00,4180.00,10964800.00,3601166080.00,-1004649024.00,45930692608.00
TDPM,08/07/2020,96.00,96.00,89.00,90.00,5288400.00,-180790096.00,0.00,480317088.00
TEBE,08/07/2020,1400.00,1400.00,1400.00,1400.00,0.00,0.00,0.00,0.00
TECH,08/07/2020,118.00,121.00,115.00,115.00,603900.00,-46764300.00,0.00,70961696.00
TELE,08/07/2020,121.00,121.00,121.00,121.00,0.00,0.00,0.00,0.00
TFAS,08/07/2020,170.00,170.00,170.00,170.00,100.00,17000.00,0.00,17000.00
TFCO,08/07/2020,314.00,314.00,300.00,300.00,300.00,-92800.00,0.00,92800.00
TGKA,08/07/2020,7500.00,7500.00,7500.00,7500.00,0.00,0.00,0.00,0.00
TGRA,08/07/2020,64.00,67.00,64.00,66.00,586400.00,-6018000.00,0.00,38563600.00
TIFA,08/07/2020,408.00,408.00,402.00,402.00,52000.00,-13913400.00,0.00,20991000.00
TINS,08/07/2020,795.00,840.00,785.00,795.00,70674496.00,-7084324352.00,818808512.00,57202782208.00
TIRA,08/07/2020,280.00,280.00,270.00,280.00,2300.00,637000.00,0.00,637000.00
TIRT,08/07/2020,51.00,51.00,50.00,51.00,35900.00,-887600.00,0.00,1822800.00
TKGA,11/15/2017,1800.00,1800.00,1800.00,1800.00,0.00,0.00,0.00,0.00
TKIM,08/07/2020,6800.00,6850.00,6575.00,6675.00,8737800.00,-6994892288.00,-5040175104.00,58313859072.00
TLKM,08/07/2020,3020.00,3030.00,2970.00,2980.00,78347200.00,-80018210816.00,-13555657728.00,234185900032.00
TMAS,08/07/2020,111.00,114.00,110.00,110.00,1483500.00,-83787000.00,0.00,164952608.00
TMPI,11/08/2019,50.00,50.00,50.00,50.00,0.00,0.00,0.00,0.00
TMPO,08/07/2020,124.00,127.00,124.00,126.00,3300.00,-391000.00,0.00,415800.00
TNCA,08/07/2020,169.00,180.00,169.00,180.00,200.00,-1100.00,0.00,34900.00
TOBA,08/07/2020,346.00,348.00,346.00,348.00,21000.00,5218000.00,0.00,7306000.00
TOPS,08/07/2020,50.00,50.00,50.00,50.00,2500.00,125000.00,0.00,125000.00
TOTL,08/07/2020,298.00,300.00,292.00,296.00,2417500.00,-262786000.00,49446600.00,712354816.00
TOTO,08/07/2020,220.00,220.00,216.00,216.00,164100.00,-21039400.00,132000.00,35776200.00
TOWR,08/07/2020,1125.00,1125.00,1070.00,1080.00,1345931904.00,-97208918016.00,-926138236928.00,1450794418176.00
TPIA,08/07/2020,7400.00,7400.00,7250.00,7350.00,2614200.00,-6934022656.00,-1250620032.00,19149883392.00
TPMA,08/07/2020,390.00,450.00,378.00,396.00,737300.00,124842400.00,0.00,291167616.00
TRAM,08/07/2020,50.00,50.00,50.00,50.00,0.00,0.00,0.00,0.00
TRIL,08/07/2020,50.00,50.00,50.00,50.00,0.00,0.00,0.00,0.00
TRIM,08/07/2020,113.00,116.00,113.00,116.00,41400.00,1969000.00,0.00,4782000.00
TRIN,08/07/2020,226.00,232.00,222.00,226.00,14715700.00,62686000.00,0.00,3303367680.00
TRIO,08/07/2020,426.00,426.00,426.00,426.00,0.00,0.00,0.00,0.00
TRIS,08/07/2020,214.00,214.00,204.00,204.00,200.00,41800.00,0.00,41800.00
TRST,08/07/2020,400.00,400.00,400.00,400.00,200.00,80000.00,0.00,80000.00
TRUK,08/07/2020,113.00,115.00,113.00,115.00,314000.00,35157300.00,0.00,35858100.00
TRUS,08/07/2020,304.00,304.00,304.00,304.00,100.00,30400.00,0.00,30400.00
TSPC,08/07/2020,1375.00,1375.00,1350.00,1355.00,702300.00,278504512.00,-432832000.00,951128512.00
TUGU,08/07/2020,2420.00,2420.00,2300.00,2390.00,34000.00,36797000.00,50190000.00,80591000.00
TURI,08/07/2020,1385.00,1385.00,1385.00,1385.00,200.00,277000.00,-277000.00,277000.00
UANG,08/07/2020,340.00,358.00,334.00,334.00,117200.00,20927600.00,0.00,39219600.00
UCID,08/07/2020,1495.00,1495.00,1450.00,1470.00,266000.00,-232610000.00,2058000.00,388840000.00
ULTJ,08/07/2020,1635.00,1640.00,1620.00,1620.00,702600.00,-267972000.00,122176000.00,1144007936.00
UNIC,08/07/2020,3600.00,3680.00,3600.00,3670.00,15300.00,2681000.00,0.00,55999000.00
UNIT,08/07/2020,155.00,155.00,152.00,154.00,22800.00,-2243900.00,0.00,3506700.00
UNSP,08/07/2020,61.00,62.00,58.00,60.00,2467100.00,-80281800.00,-1500000.00,145611808.00
UNTR,08/07/2020,23775.00,25175.00,23600.00,24700.00,14634000.00,-31987513344.00,29592145920.00,361060433920.00
UNVR,08/07/2020,8175.00,8225.00,8075.00,8125.00,8987900.00,-3258032384.00,-16714399744.00,72957534208.00
URBN,08/07/2020,1350.00,1350.00,1350.00,1350.00,0.00,0.00,0.00,0.00
VICO,08/07/2020,73.00,73.00,68.00,72.00,200600.00,-11585300.00,0.00,13722300.00
VINS,08/07/2020,90.00,94.00,90.00,92.00,266200.00,-7293900.00,0.00,24462300.00
VIVA,08/07/2020,50.00,50.00,50.00,50.00,4600.00,230000.00,0.00,230000.00
VOKS,08/07/2020,196.00,198.00,186.00,197.00,252200.00,-27584700.00,-38234000.00,48101100.00
VRNA,08/07/2020,115.00,115.00,107.00,107.00,1000.00,-63000.00,0.00,108600.00
WAPO,08/07/2020,58.00,58.00,58.00,58.00,1000.00,-58000.00,0.00,58000.00
WEGE,08/07/2020,192.00,193.00,183.00,186.00,19304600.00,-804303680.00,-308713088.00,3595401984.00
WEHA,08/07/2020,73.00,74.00,72.00,73.00,458900.00,21132100.00,0.00,33506700.00
WICO,08/07/2020,580.00,580.00,580.00,580.00,0.00,0.00,0.00,0.00
WIIM,08/07/2020,366.00,384.00,360.00,378.00,96023904.00,333344800.00,-238003600.00,35926450176.00
WIKA,08/07/2020,1130.00,1135.00,1100.00,1100.00,15020100.00,-6983368192.00,-448615008.00,16633189376.00
WINS,08/07/2020,92.00,95.00,92.00,95.00,110200.00,-10119700.00,-9200000.00,10138700.00
WOMF,08/07/2020,216.00,222.00,214.00,218.00,443700.00,14937200.00,0.00,97043600.00
WOOD,08/07/2020,392.00,400.00,390.00,392.00,22960300.00,1325365632.00,-1583400.00,9066403840.00
WOWS,08/07/2020,70.00,95.00,70.00,89.00,117796496.00,127347104.00,19646900.00,10188007424.00
WSBP,08/07/2020,179.00,180.00,168.00,170.00,120517696.00,-4486524928.00,-251237296.00,20710072320.00
WSKT,08/07/2020,625.00,630.00,615.00,620.00,11909300.00,-1460351488.00,-291888992.00,7378771456.00
WTON,08/07/2020,272.00,276.00,268.00,272.00,9980500.00,-1130649344.00,23010400.00,2709556224.00
YELO,08/07/2020,50.00,50.00,50.00,50.00,12700.00,635000.00,0.00,635000.00
YPAS,08/07/2020,458.00,458.00,454.00,454.00,700.00,320200.00,0.00,320200.00
YULE,08/07/2020,200.00,200.00,197.00,197.00,1800.00,354900.00,0.00,354900.00
ZBRA,08/07/2020,50.00,50.00,50.00,50.00,100.00,5000.00,0.00,5000.00
ZINC,08/07/2020,137.00,144.00,136.00,138.00,299808096.00,13019252736.00,127078200.00,41464176640.00
ZONE,08/07/2020,408.00,408.00,392.00,404.00,57600.00,11700600.00,0.00,23339400.00
