Ticker,Date/Time,Open,High,Low,Close,Volume(Unit),Net Buy Sell Foreign,Freq
^AORD,07/29/2020,6146.80,6174.20,6122.00,6128.00,1007786240.00,0.00,0.00
^BSESN,07/28/2020,38052.18,38554.72,37998.13,38492.95,15456.00,0.00,0.00
^FCHI,07/28/2020,4930.10,4950.01,4893.63,4928.94,0.00,0.00,0.00
^DJI,07/28/2020,26529.45,26556.84,26361.71,26379.28,362402080.00,0.00,0.00
^FTSE,07/28/2020,6104.88,6149.86,6083.65,6129.26,0.00,0.00,0.00
^GDAXI,07/28/2020,12886.23,12936.01,12746.46,12835.28,0.00,0.00,0.00
^GSPC,07/28/2020,3234.27,3243.72,3216.17,3218.44,2235534592.00,0.00,0.00
^HSI,07/29/2020,24718.00,24926.50,24667.00,24839.00,0.00,0.00,0.00
^IXIC,07/28/2020,10509.20,10523.64,10397.87,10402.09,3622904832.00,0.00,0.00
^JKAGRI,07/29/2020,1134.04,1156.27,1131.50,1154.81,206952704.00,-4680000000.00,0.00
^JKBIND,07/29/2020,750.51,752.45,739.01,751.64,1253944832.00,5849999872.00,0.00
^JKBISNIS27,07/29/2020,459.95,460.07,456.79,458.46,1023291520.00,-219561803776.00,0.00
^JKCONS,07/29/2020,1843.09,1873.98,1841.52,1871.59,622606656.00,10439999488.00,0.00
^JKDBX,07/29/2020,919.87,933.01,917.12,933.01,3476643328.00,-98981552128.00,0.00
^JKFINA,07/29/2020,1127.09,1127.32,1114.04,1119.55,1615846144.00,-114009997312.00,0.00
^JKIDX30,07/29/2020,436.71,436.97,433.22,433.90,1228101120.00,-156403777536.00,0.00
^JKII,07/29/2020,551.31,552.18,547.35,549.90,1065648704.00,-35725266944.00,0.00
^JKINFA,07/29/2020,896.85,904.27,893.89,897.98,3054779648.00,-173039992832.00,0.00
^JKINFOBANK15,07/29/2020,832.91,832.98,822.45,825.37,443134912.00,-98970591232.00,0.00
^JKINVESTOR33,07/29/2020,381.34,381.57,378.66,379.70,1064116096.00,-155749597184.00,0.00
^JKISSI,07/29/2020,149.31,149.54,148.67,149.25,6100883968.00,-132191166464.00,0.00
^JKKOMPAS100,07/29/2020,1027.02,1027.73,1019.89,1025.76,3309820672.00,-345268518912.00,0.00
^JKLQ45,07/29/2020,799.68,800.38,793.46,795.38,1988157952.00,-181676179456.00,0.00
^JKMBX,07/29/2020,1424.70,1425.53,1416.35,1421.27,7605970944.00,-276738310144.00,0.00
^JKMING,07/29/2020,1368.81,1381.05,1362.39,1372.33,908504896.00,-4350000128.00,0.00
^JKMISC,07/29/2020,925.51,933.26,908.92,913.18,217631632.00,-31829999616.00,0.00
^JKMNC36,07/29/2020,290.19,290.40,287.84,288.68,1490614656.00,-148106493952.00,0.00
^JKMNFG,07/29/2020,1215.01,1223.67,1208.53,1223.47,2094183040.00,0.00,0.00
^JKPEFINDO25,07/29/2020,266.08,269.61,265.72,267.46,695571008.00,-31753811968.00,0.00
^JKPROP,07/29/2020,303.63,306.01,299.69,299.69,1660888704.00,-5929999872.00,0.00
^JKSE,07/29/2020,5112.99,5117.35,5085.34,5111.11,11082614784.00,-372370014208.00,0.00
^JKSMINFRA18,07/29/2020,252.41,253.00,250.79,251.25,1025936512.00,-163310092288.00,0.00
^JKSRIKEHATI,07/29/2020,323.44,323.62,320.60,321.19,794138496.00,-143239086080.00,0.00
^JKTRAD,07/29/2020,623.99,626.64,621.66,623.25,1541459200.00,-54829998080.00,0.00
^KLSE,07/29/2020,1610.13,1618.01,1589.98,1610.42,87221504.00,0.00,0.00
^KS11,07/29/2020,2258.35,2276.79,2252.24,2263.16,885309.00,0.00,0.00
^N225,07/29/2020,22543.89,22584.87,22366.34,22397.11,0.00,0.00,0.00
^NZ50,07/29/2020,11578.27,11627.83,11570.35,11599.44,0.00,0.00,0.00
^SSEC,07/29/2020,3221.99,3294.55,3210.22,3294.55,324924.00,0.00,0.00
^STI,07/29/2020,2581.48,2586.16,2564.46,2579.74,0.00,0.00,0.00
^VIX,07/28/2020,24.86,26.94,24.55,25.44,0.00,0.00,0.00
AALI,07/29/2020,9400.00,9700.00,9300.00,9700.00,4891100.00,2030000000.00,3477.00
ABBA,07/29/2020,50.00,50.00,50.00,50.00,303500.00,0.00,33.00
ABDA,07/29/2020,0.00,7025.00,7025.00,7025.00,0.00,0.00,0.00
ABMM,07/29/2020,1125.00,1125.00,1065.00,1075.00,1500.00,0.00,7.00
ACES,07/29/2020,1695.00,1815.00,1690.00,1740.00,19265400.00,-2540000000.00,5939.00
ACST,07/29/2020,288.00,290.00,282.00,282.00,1781100.00,0.00,169.00
ADAUSD,07/28/2020,0.14,0.15,0.13,0.15,1180000000.00,0.00,0.00
ADES,07/29/2020,900.00,1050.00,890.00,1000.00,829100.00,381500.00,485.00
ADHI,07/29/2020,630.00,645.00,620.00,630.00,11514900.00,-90760000.00,1216.00
ADMF,07/29/2020,8000.00,8025.00,7950.00,7975.00,118700.00,-145780000.00,237.00
AGAR,07/29/2020,510.00,510.00,510.00,510.00,100.00,0.00,1.00
ADMG,07/29/2020,116.00,134.00,116.00,123.00,5632500.00,0.00,650.00
ADRO,07/29/2020,1085.00,1095.00,1070.00,1085.00,32109100.00,3289999872.00,5519.00
AGII,07/29/2020,555.00,565.00,540.00,545.00,208700.00,5770000.00,45.00
AGRS,07/29/2020,173.00,176.00,161.00,161.00,340700.00,0.00,85.00
AGRO,07/29/2020,262.00,264.00,240.00,240.00,112999296.00,-166370000.00,7274.00
AHAP,07/29/2020,51.00,59.00,51.00,54.00,1327700.00,0.00,228.00
AIMS,07/29/2020,180.00,180.00,180.00,180.00,0.00,0.00,0.00
AISA,07/29/2020,168.00,168.00,168.00,168.00,0.00,0.00,0.00
AKKU,07/29/2020,50.00,50.00,50.00,50.00,400.00,0.00,2.00
AKPI,07/29/2020,282.00,286.00,280.00,286.00,5700.00,0.00,5.00
AKRA,07/29/2020,2800.00,2890.00,2800.00,2850.00,18767800.00,2329999872.00,2976.00
AKSI,07/29/2020,163.00,216.00,161.00,216.00,337100.00,0.00,249.00
ALDO,07/29/2020,398.00,398.00,398.00,398.00,0.00,0.00,0.00
ALKA,07/29/2020,376.00,376.00,376.00,376.00,1200.00,0.00,2.00
ALMI,07/29/2020,214.00,214.00,214.00,214.00,26800.00,0.00,5.00
ALTO,07/29/2020,342.00,342.00,342.00,342.00,2000.00,0.00,1.00
AMAN,07/29/2020,196.00,196.00,195.00,195.00,174400.00,0.00,7.00
AMAG,07/29/2020,266.00,266.00,266.00,266.00,830500.00,133640000.00,59.00
AMAR,07/29/2020,434.00,484.00,376.00,376.00,2046800.00,0.00,480.00
AMIN,07/29/2020,250.00,250.00,250.00,250.00,900.00,0.00,3.00
AMFG,07/29/2020,2860.00,2860.00,2860.00,2860.00,0.00,0.00,0.00
AMOR,07/29/2020,1995.00,1995.00,1970.00,1985.00,27800.00,-997500.00,18.00
AMRT,07/29/2020,750.00,750.00,740.00,745.00,98500.00,-56410000.00,50.00
ANDI,07/29/2020,50.00,50.00,50.00,50.00,384800.00,5000.00,18.00
ANJT,07/29/2020,585.00,585.00,585.00,585.00,2000.00,-1050000.00,4.00
ANSUSD,07/28/2020,11.63,12.03,11.32,11.74,6890000.00,0.00,0.00
ANTM,07/29/2020,720.00,740.00,710.00,730.00,79691504.00,4289999872.00,6422.00
APEX,07/29/2020,154.00,179.00,154.00,165.00,82800.00,0.00,28.00
APIC,07/29/2020,825.00,850.00,825.00,835.00,25403000.00,-156470000.00,2654.00
APII,07/29/2020,220.00,236.00,220.00,232.00,41600.00,0.00,38.00
APLI,07/29/2020,127.00,127.00,120.00,122.00,25500.00,0.00,11.00
APLN,07/29/2020,118.00,119.00,117.00,118.00,6297700.00,-68220000.00,395.00
APOL,07/29/2020,50.00,50.00,50.00,50.00,0.00,0.00,0.00
ARGO,07/29/2020,1200.00,1495.00,1200.00,1490.00,1000.00,0.00,3.00
ARII,07/29/2020,515.00,515.00,468.00,500.00,9100.00,0.00,12.00
ARKA,07/29/2020,288.00,288.00,288.00,288.00,0.00,0.00,0.00
ARMY,07/29/2020,50.00,50.00,50.00,50.00,0.00,0.00,0.00
ARNA,07/29/2020,420.00,424.00,418.00,424.00,629800.00,-120830000.00,62.00
ARTA,07/29/2020,308.00,308.00,308.00,308.00,0.00,0.00,0.00
ARTO,07/29/2020,2780.00,2800.00,2750.00,2770.00,109100.00,0.00,52.00
ARTI,07/29/2020,50.00,50.00,50.00,50.00,0.00,0.00,0.00
ASBI,07/29/2020,300.00,300.00,300.00,300.00,300.00,0.00,1.00
ASDM,07/29/2020,930.00,930.00,930.00,930.00,2800.00,0.00,1.00
ASGR,07/29/2020,670.00,705.00,665.00,670.00,1165800.00,-340049984.00,423.00
ASII,07/29/2020,5175.00,5225.00,5050.00,5075.00,32010100.00,-31829999616.00,6188.00
ASJT,07/29/2020,124.00,124.00,115.00,115.00,2400.00,0.00,9.00
ASMI,07/29/2020,1155.00,1160.00,1150.00,1155.00,25700.00,0.00,27.00
ASPI,07/29/2020,230.00,256.00,230.00,256.00,32576600.00,13310000.00,3182.00
ASRI,07/29/2020,128.00,130.00,126.00,126.00,33728100.00,-1450000000.00,1151.00
ASRM,07/29/2020,1990.00,1990.00,1990.00,1990.00,700.00,0.00,1.00
ASSA,07/29/2020,525.00,525.00,510.00,520.00,4993600.00,-111950000.00,391.00
ATIC,07/29/2020,690.00,690.00,655.00,655.00,2100.00,0.00,4.00
ATPK,07/29/2020,194.00,194.00,194.00,194.00,0.00,0.00,0.00
AUDUSD,07/28/2020,0.72,0.72,0.71,0.72,0.00,0.00,0.00
AYLS,07/29/2020,50.00,50.00,50.00,50.00,1100.00,0.00,2.00
AUTO,07/29/2020,890.00,900.00,865.00,865.00,4622700.00,-1740000000.00,1023.00
BABP,07/29/2020,50.00,50.00,50.00,50.00,2300.00,0.00,5.00
BABP-W3,07/29/2020,18.00,18.00,18.00,18.00,0.00,0.00,0.00
BACA,07/29/2020,290.00,338.00,290.00,338.00,81500.00,-1630000.00,49.00
BAJA,07/29/2020,51.00,56.00,51.00,55.00,1233000.00,0.00,108.00
BALI,07/29/2020,850.00,850.00,850.00,850.00,0.00,0.00,0.00
BAPI,07/29/2020,50.00,50.00,50.00,50.00,3000.00,0.00,4.00
BAPA,07/29/2020,50.00,50.00,50.00,50.00,1000.00,0.00,1.00
BATA,07/29/2020,575.00,575.00,570.00,570.00,1200.00,0.00,6.00
BAYU,07/29/2020,1020.00,1020.00,1020.00,1020.00,300.00,0.00,3.00
BBCA,07/29/2020,30925.00,30925.00,30500.00,30675.00,10052500.00,-20700000256.00,9573.00
BBHI,07/29/2020,126.00,137.00,126.00,133.00,109600.00,0.00,27.00
BBKP,07/29/2020,183.00,183.00,178.00,179.00,34052000.00,56330000.00,1326.00
BBMD,07/29/2020,1460.00,1460.00,1460.00,1460.00,0.00,0.00,0.00
BBLD,07/29/2020,382.00,382.00,382.00,382.00,0.00,0.00,0.00
BBNI,07/29/2020,4660.00,4660.00,4580.00,4590.00,64032700.00,-34659999744.00,14721.00
BBNP,07/29/2020,2250.00,2250.00,2250.00,2250.00,0.00,0.00,0.00
BBRI,07/29/2020,3140.00,3150.00,3100.00,3120.00,67176704.00,-12060000256.00,8282.00
BBSS,07/29/2020,131.00,131.00,122.00,129.00,6002800.00,0.00,2032.00
BBRM,07/29/2020,50.00,50.00,50.00,50.00,0.00,0.00,0.00
BBTN,07/29/2020,1265.00,1290.00,1260.00,1285.00,31477200.00,-637129984.00,2709.00
BBYB,07/29/2020,300.00,300.00,300.00,300.00,297100.00,-45000000.00,11.00
BCAP,07/29/2020,154.00,154.00,148.00,150.00,1389900.00,104180000.00,205.00
BCHUSD,07/28/2020,268.52,297.02,264.99,289.06,2700000.00,0.00,0.00
BCIC,07/29/2020,700.00,700.00,700.00,700.00,100.00,0.00,1.00
BCIP,07/29/2020,50.00,50.00,50.00,50.00,16000.00,0.00,4.00
BEEF,07/29/2020,210.00,212.00,206.00,208.00,1568500.00,0.00,268.00
BDMN,07/29/2020,2770.00,2790.00,2740.00,2740.00,1006300.00,-182720000.00,364.00
BEEF-W,07/29/2020,14.00,14.00,13.00,13.00,3630500.00,0.00,0.00
BELL,07/29/2020,735.00,745.00,735.00,735.00,1134300.00,0.00,249.00
BESS,07/29/2020,262.00,262.00,246.00,256.00,1311200.00,0.00,741.00
BEKS,07/29/2020,50.00,50.00,50.00,50.00,54900.00,0.00,9.00
BEST,07/29/2020,128.00,129.00,125.00,125.00,27714600.00,-104260000.00,887.00
BGTG,07/29/2020,51.00,52.00,50.00,51.00,2756800.00,0.00,82.00
BFIN,07/29/2020,278.00,278.00,270.00,274.00,3795800.00,184110000.00,359.00
BHAT,07/29/2020,440.00,444.00,436.00,440.00,125797800.00,0.00,2061.00
BIKA,07/29/2020,169.00,190.00,169.00,189.00,2600.00,0.00,6.00
BHIT,07/29/2020,50.00,50.00,50.00,50.00,2000.00,0.00,3.00
BIMA,07/29/2020,50.00,50.00,50.00,50.00,0.00,0.00,0.00
BINA,07/29/2020,845.00,845.00,820.00,845.00,2982600.00,0.00,148.00
BIPI,07/29/2020,50.00,50.00,50.00,50.00,2300.00,0.00,3.00
BIPP,07/29/2020,59.00,61.00,59.00,61.00,2400.00,0.00,6.00
BIRD,07/29/2020,1140.00,1150.00,1105.00,1125.00,673500.00,-115930000.00,287.00
BISI,07/29/2020,815.00,815.00,810.00,815.00,289900.00,0.00,42.00
BJBR,07/29/2020,960.00,1000.00,955.00,965.00,22393800.00,-522289984.00,2655.00
BJTM,07/29/2020,560.00,570.00,550.00,555.00,23354800.00,1730000000.00,2671.00
BKDP,07/29/2020,57.00,57.00,50.00,50.00,51000.00,0.00,8.00
BKSL,07/29/2020,50.00,50.00,50.00,50.00,130400.00,0.00,21.00
BKSL-W,07/29/2020,2.00,2.00,2.00,2.00,0.00,0.00,0.00
BKSW,07/29/2020,82.00,82.00,74.00,76.00,34700.00,0.00,10.00
BLTZ,07/29/2020,3600.00,3600.00,3600.00,3600.00,0.00,0.00,0.00
BLUE,07/29/2020,520.00,520.00,505.00,510.00,166400.00,0.00,115.00
BLTA,07/29/2020,50.00,50.00,50.00,50.00,0.00,0.00,0.00
BMAS,07/29/2020,250.00,268.00,250.00,268.00,800.00,0.00,3.00
BMRI,07/29/2020,5850.00,5850.00,5675.00,5700.00,34868600.00,-31740000256.00,7611.00
BMSR,07/29/2020,66.00,66.00,53.00,53.00,3300.00,0.00,11.00
BMTR,07/29/2020,214.00,226.00,212.00,222.00,46824800.00,16040000.00,1780.00
BNBA,07/29/2020,302.00,304.00,300.00,304.00,179500.00,-7180000.00,11.00
BNBR,07/29/2020,50.00,50.00,50.00,50.00,20100.00,0.00,3.00
BNGA,07/29/2020,780.00,790.00,775.00,780.00,1956000.00,-1090000.00,456.00
BNII,07/29/2020,212.00,212.00,212.00,212.00,1033500.00,0.00,151.00
BOGA,07/29/2020,1360.00,1405.00,1360.00,1400.00,87811904.00,8529999872.00,4587.00
BNLI,07/29/2020,1270.00,1270.00,1245.00,1265.00,17195400.00,1620000000.00,700.00
BOGA-W,07/29/2020,1000.00,1000.00,1000.00,1000.00,0.00,0.00,0.00
BOLA,07/29/2020,175.00,175.00,160.00,164.00,2700.00,0.00,14.00
BOLT,07/29/2020,865.00,865.00,865.00,865.00,100.00,0.00,1.00
BORN,07/29/2020,50.00,50.00,50.00,50.00,0.00,0.00,0.00
BOSS,07/29/2020,78.00,85.00,78.00,80.00,7125300.00,1800000.00,510.00
BPFI,07/29/2020,1280.00,1280.00,1280.00,1280.00,0.00,0.00,0.00
BPII,07/29/2020,10000.00,10000.00,10000.00,10000.00,0.00,0.00,0.00
BPTR,07/29/2020,75.00,75.00,75.00,75.00,400.00,0.00,3.00
BRAM,07/29/2020,5325.00,5325.00,5325.00,5325.00,0.00,0.00,0.00
BRIS,07/29/2020,595.00,615.00,550.00,550.00,387849408.00,-3529999872.00,32095.00
BRENT OIL,07/28/2020,44.05,44.33,43.41,43.66,0.00,0.00,0.00
BRMS,07/29/2020,50.00,50.00,50.00,50.00,99300.00,0.00,23.00
BRNA,07/29/2020,930.00,930.00,930.00,930.00,270100.00,0.00,5.00
BRPT,07/29/2020,1010.00,1030.00,950.00,950.00,57125700.00,-12720000000.00,4932.00
BSDE,07/29/2020,775.00,775.00,715.00,715.00,21212100.00,-390980000.00,1595.00
BSIM,07/29/2020,515.00,515.00,515.00,515.00,200.00,0.00,2.00
BSIM-W3,07/29/2020,22.00,22.00,22.00,22.00,0.00,0.00,0.00
BSSR,07/29/2020,1300.00,1335.00,1300.00,1335.00,3800.00,0.00,10.00
BSWD,07/29/2020,1750.00,1750.00,1750.00,1750.00,0.00,0.00,0.00
BTCIDR,07/28/2020,161871008.00,161871008.00,159020000.00,159020000.00,600.00,0.00,0.00
BTCUSD,07/28/2020,10961.10,11046.10,10873.60,10908.50,658370.00,0.00,0.00
BTEK,07/29/2020,50.00,50.00,50.00,50.00,500.00,0.00,2.00
BTEL,07/29/2020,50.00,50.00,50.00,50.00,0.00,0.00,0.00
BTON,07/29/2020,181.00,191.00,181.00,188.00,4600.00,0.00,11.00
BTPS,07/29/2020,3240.00,3530.00,3200.00,3430.00,52035200.00,-12160000000.00,14998.00
BTPN,07/29/2020,2200.00,2300.00,2200.00,2280.00,345000.00,-13000000.00,213.00
BUDI,07/29/2020,91.00,93.00,90.00,91.00,420300.00,0.00,40.00
BUKK,07/29/2020,700.00,705.00,660.00,665.00,96600.00,0.00,56.00
BULL,07/29/2020,318.00,324.00,312.00,320.00,146742208.00,119300000.00,4274.00
BULL-W,07/29/2020,35.00,35.00,35.00,35.00,0.00,0.00,0.00
BULL-W2,07/29/2020,104.00,104.00,98.00,102.00,2427500.00,0.00,0.00
BUMI,07/29/2020,50.00,50.00,50.00,50.00,437600.00,10010000.00,70.00
BUVA,07/29/2020,53.00,56.00,53.00,53.00,80300.00,0.00,24.00
BVIC,07/29/2020,62.00,65.00,61.00,63.00,1814800.00,1870000.00,214.00
BWPT,07/29/2020,114.00,122.00,112.00,121.00,142103600.00,-39070000.00,8282.00
BYAN,07/29/2020,13600.00,13700.00,13075.00,13075.00,800.00,-2620000.00,6.00
CAKK,07/29/2020,50.00,50.00,50.00,50.00,81300.00,0.00,5.00
CAKK-W,07/29/2020,5.00,8.00,5.00,6.00,941500.00,0.00,0.00
CAMP,07/29/2020,204.00,208.00,200.00,204.00,552300.00,0.00,83.00
CARE,07/29/2020,340.00,350.00,336.00,338.00,246076304.00,0.00,3124.00
CANI,07/29/2020,124.00,124.00,124.00,124.00,0.00,0.00,0.00
CARS,07/29/2020,50.00,50.00,50.00,50.00,35500.00,0.00,12.00
CASA,07/29/2020,272.00,332.00,270.00,332.00,8130000.00,-6260000.00,99.00
CASA-W,07/29/2020,96.00,96.00,36.00,36.00,200.00,0.00,0.00
CASH,07/29/2020,560.00,585.00,555.00,585.00,6249400.00,-90000.00,1138.00
CBMF,07/29/2020,224.00,224.00,192.00,200.00,5600800.00,0.00,196.00
CASS,07/29/2020,204.00,224.00,204.00,216.00,10350600.00,95040000.00,1201.00
CCSI,07/29/2020,254.00,254.00,246.00,246.00,320200.00,0.00,100.00
CEKA,07/29/2020,1925.00,1930.00,1800.00,1900.00,230800.00,-34950000.00,288.00
CENT,07/29/2020,111.00,121.00,110.00,114.00,41065800.00,20360000.00,1415.00
CINT,07/29/2020,254.00,258.00,254.00,258.00,26200.00,0.00,9.00
CFIN,07/29/2020,191.00,195.00,190.00,190.00,799300.00,-100180000.00,94.00
CITA,07/29/2020,1895.00,2000.00,1895.00,2000.00,12200.00,0.00,7.00
CITY,07/29/2020,55.00,55.00,53.00,55.00,101400.00,0.00,16.00
CITY-W,07/29/2020,15.00,16.00,13.00,14.00,51500.00,0.00,0.00
CLAY,07/29/2020,1960.00,2100.00,1960.00,2080.00,3100.00,-196000.00,14.00
CKRA,07/29/2020,76.00,76.00,76.00,76.00,0.00,0.00,0.00
CLEO,07/29/2020,460.00,565.00,458.00,525.00,117220200.00,118320000.00,14573.00
CLPI,07/29/2020,705.00,715.00,685.00,700.00,158700.00,7860000.00,80.00
CMNP,07/29/2020,1120.00,1180.00,1040.00,1050.00,164500.00,277500.00,80.00
CMPP,07/29/2020,184.00,184.00,184.00,184.00,0.00,0.00,0.00
CNKO,07/29/2020,50.00,50.00,50.00,50.00,1500.00,0.00,1.00
CNTB,07/29/2020,250.00,250.00,250.00,250.00,0.00,0.00,0.00
CNTX,07/29/2020,250.00,250.00,246.00,248.00,7700.00,0.00,3.00
CNYIDR,07/28/2020,2075.35,2079.77,2066.85,2076.19,0.00,0.00,0.00
COAL,07/28/2020,53.50,53.50,53.50,53.50,0.00,0.00,0.00
COCO,07/29/2020,810.00,810.00,810.00,810.00,0.00,0.00,0.00
COCO-W,07/29/2020,320.00,320.00,320.00,320.00,0.00,0.00,0.00
COWL,07/29/2020,50.00,50.00,50.00,50.00,0.00,0.00,0.00
CPIN,07/29/2020,6200.00,6250.00,6125.00,6200.00,5735800.00,18219999232.00,3340.00
CPO-RM,07/29/2020,2634.00,2634.00,2634.00,2634.00,0.00,0.00,0.00
CPRI,07/29/2020,50.00,50.00,50.00,50.00,4000.00,0.00,1.00
CPRI-W,07/29/2020,14.00,14.00,13.00,14.00,120500.00,0.00,0.00
CPRO,07/29/2020,50.00,50.00,50.00,50.00,0.00,0.00,0.00
CRUDE OIL,07/28/2020,41.72,41.93,40.86,41.13,0.00,0.00,0.00
CSAP,07/29/2020,318.00,324.00,318.00,324.00,1200.00,64800.00,2.00
CSIS,07/29/2020,50.00,56.00,50.00,51.00,5387600.00,0.00,1334.00
CSMI,07/29/2020,226.00,226.00,204.00,204.00,14200.00,0.00,5.00
CSRA,07/29/2020,292.00,318.00,292.00,306.00,2279700.00,0.00,396.00
CTBN,07/29/2020,2450.00,2450.00,2450.00,2450.00,0.00,0.00,0.00
CTRA,07/29/2020,670.00,675.00,650.00,655.00,51575700.00,4780000256.00,2476.00
DADA,07/29/2020,83.00,87.00,81.00,82.00,93587600.00,3900000.00,3060.00
CTTH,07/29/2020,50.00,50.00,50.00,50.00,3200.00,0.00,1.00
DAJK,07/29/2020,50.00,50.00,50.00,50.00,0.00,0.00,0.00
DAYA,07/29/2020,610.00,610.00,610.00,610.00,0.00,0.00,0.00
DEAL,07/29/2020,88.00,89.00,87.00,88.00,3705100.00,-66880000.00,244.00
DART,07/29/2020,226.00,226.00,226.00,226.00,0.00,0.00,0.00
DEFI,07/29/2020,1785.00,1795.00,1780.00,1785.00,34200.00,0.00,36.00
DFAM,07/29/2020,346.00,346.00,346.00,346.00,0.00,0.00,0.00
DEWA,07/29/2020,50.00,50.00,50.00,50.00,100.00,0.00,1.00
DGIK,07/29/2020,50.00,50.00,50.00,50.00,100.00,0.00,1.00
DIGI,07/29/2020,1775.00,1775.00,1775.00,1775.00,0.00,0.00,0.00
DIVA,07/29/2020,2130.00,2220.00,2110.00,2110.00,220600.00,53230000.00,225.00
DILD,07/29/2020,180.00,180.00,177.00,178.00,3022900.00,-14070000.00,178.00
DKFT,07/29/2020,132.00,134.00,129.00,129.00,5732800.00,13400000.00,468.00
DMMX,07/29/2020,232.00,238.00,224.00,238.00,23295500.00,2350000128.00,632.00
DLTA,07/29/2020,4800.00,4810.00,4800.00,4800.00,22000.00,-94570000.00,43.00
DMAS,07/29/2020,240.00,242.00,232.00,234.00,44768000.00,-2620000000.00,1833.00
DMND,07/29/2020,935.00,950.00,930.00,950.00,31500.00,-467500.00,47.00
DNAR,07/29/2020,272.00,272.00,254.00,254.00,128000.00,0.00,7.00
DNET,07/29/2020,3380.00,3380.00,3380.00,3380.00,400.00,0.00,3.00
DOID,07/29/2020,280.00,284.00,264.00,266.00,61541100.00,-7540000.00,3542.00
DPNS,07/29/2020,246.00,246.00,246.00,246.00,0.00,0.00,0.00
DPUM,07/29/2020,62.00,72.00,61.00,62.00,65500.00,0.00,34.00
DSFI,07/29/2020,64.00,68.00,64.00,68.00,269300.00,0.00,54.00
DSNG,07/29/2020,350.00,366.00,346.00,360.00,3143100.00,1720000.00,290.00
DSSA,07/29/2020,20875.00,20875.00,20875.00,20875.00,0.00,0.00,0.00
DUCK,07/29/2020,406.00,432.00,382.00,390.00,20890200.00,-3569999872.00,3885.00
DUTI,07/29/2020,3900.00,3900.00,3850.00,3860.00,1400.00,0.00,13.00
DVLA,07/29/2020,2210.00,2330.00,2210.00,2320.00,107000.00,0.00,115.00
DWGL,07/29/2020,228.00,228.00,228.00,228.00,5800.00,0.00,6.00
DWGL-W,07/29/2020,58.00,58.00,32.00,43.00,1303000.00,0.00,0.00
EAST,07/29/2020,54.00,57.00,54.00,55.00,815400.00,0.00,59.00
DYAN,07/29/2020,50.00,50.00,50.00,50.00,43700.00,0.00,10.00
ECII,07/29/2020,700.00,700.00,700.00,700.00,600.00,0.00,2.00
EIDO,07/28/2020,19.28,19.28,18.98,18.98,564704.00,0.00,0.00
EKAD,07/29/2020,1250.00,1250.00,1220.00,1235.00,386500.00,0.00,430.00
ELSA,07/29/2020,232.00,234.00,230.00,230.00,15404300.00,-64150000.00,1054.00
ELTY,07/29/2020,50.00,50.00,50.00,50.00,2200.00,0.00,2.00
EMAS,07/28/2020,1958.90,1974.40,1900.70,1949.80,0.00,0.00,0.00
EMDE,07/29/2020,188.00,202.00,188.00,202.00,11100.00,0.00,4.00
EMTK,07/29/2020,4600.00,4600.00,4600.00,4600.00,100.00,-460000.00,1.00
ENVY,07/29/2020,109.00,113.00,102.00,107.00,172329792.00,-856990016.00,4246.00
ENRG,07/29/2020,51.00,52.00,50.00,50.00,7328100.00,0.00,512.00
EPAC,07/08/2020,0.00,0.00,0.00,0.00,27228800.00,0.00,2818.00
EOSUSD,07/28/2020,2.85,3.08,2.78,3.00,282660000.00,0.00,0.00
EPMT,07/29/2020,1890.00,1890.00,1850.00,1850.00,3100.00,0.00,7.00
ERAA,07/29/2020,1445.00,1460.00,1400.00,1450.00,13947500.00,-192920000.00,4958.00
ERTX,07/29/2020,128.00,128.00,113.00,113.00,2700.00,0.00,12.00
ESIP,07/29/2020,0.00,214.00,198.00,214.00,13152500.00,0.00,1526.00
ESIP-W,07/29/2020,10.00,11.00,10.00,11.00,15859500.00,0.00,0.00
ESSA,07/29/2020,159.00,166.00,159.00,161.00,972700.00,0.00,180.00
ESTA,07/29/2020,100.00,101.00,100.00,101.00,81000.00,0.00,3.00
ESTI,07/29/2020,50.00,50.00,50.00,50.00,900.00,0.00,9.00
ETHUSD,07/28/2020,321.82,326.53,306.40,316.96,9910000.00,0.00,0.00
ETWA,07/29/2020,73.00,73.00,73.00,73.00,100.00,0.00,1.00
EURGBP,07/28/2020,0.91,0.91,0.91,0.91,0.00,0.00,0.00
EURJPY,07/28/2020,123.89,123.99,123.01,123.18,0.00,0.00,0.00
EURUSD,07/28/2020,1.18,1.18,1.17,1.17,0.00,0.00,0.00
EXCL,07/29/2020,2700.00,2710.00,2540.00,2540.00,57573700.00,-6049999872.00,12242.00
FAST,07/29/2020,925.00,925.00,915.00,915.00,30200.00,0.00,34.00
FASW,07/29/2020,7000.00,7000.00,7000.00,7000.00,100.00,0.00,1.00
FILM,07/29/2020,167.00,167.00,161.00,162.00,847300.00,0.00,212.00
FINN,07/29/2020,50.00,50.00,50.00,50.00,0.00,0.00,0.00
FIRE,07/29/2020,133.00,133.00,133.00,133.00,1108900.00,6650000.00,145.00
FIRE-W,07/29/2020,97.00,97.00,97.00,97.00,0.00,0.00,0.00
FISH,07/29/2020,2970.00,3030.00,2970.00,3030.00,3700.00,0.00,13.00
FITT,07/29/2020,64.00,72.00,64.00,71.00,485400.00,0.00,26.00
FMII,07/29/2020,745.00,745.00,745.00,745.00,0.00,0.00,0.00
FOOD,07/29/2020,116.00,119.00,115.00,117.00,1048700.00,0.00,130.00
FORU,07/29/2020,100.00,100.00,90.00,90.00,200.00,0.00,2.00
FORZ,07/29/2020,50.00,50.00,50.00,50.00,200.00,0.00,2.00
FORZ-W,07/29/2020,20.00,20.00,20.00,20.00,0.00,0.00,0.00
FPNI,07/29/2020,92.00,94.00,91.00,92.00,256300.00,5570000.00,43.00
FREN,07/29/2020,139.00,157.00,135.00,153.00,1524897920.00,1420000000.00,32220.00
FREN-W,07/29/2020,60.00,73.00,57.00,68.00,316012000.00,0.00,0.00
FUJI,07/29/2020,116.00,116.00,102.00,104.00,12500.00,0.00,17.00
GAMA,07/29/2020,50.00,50.00,50.00,50.00,100.00,0.00,1.00
GANDUM,07/28/2020,525.88,529.62,519.38,523.50,0.00,0.00,0.00
GAS ALAM,07/28/2020,1.79,1.87,1.78,1.86,0.00,0.00,0.00
GBPJPY,07/28/2020,135.69,136.14,135.33,135.85,0.00,0.00,0.00
GBPUSD,07/28/2020,1.29,1.30,1.28,1.29,0.00,0.00,0.00
GDST,07/29/2020,54.00,61.00,54.00,60.00,1799400.00,0.00,303.00
GDYR,07/29/2020,1430.00,1450.00,1405.00,1450.00,1200.00,0.00,6.00
GEMA,07/29/2020,366.00,372.00,372.00,372.00,12000.00,0.00,5.00
GEMS,07/29/2020,2550.00,2550.00,2550.00,2550.00,0.00,0.00,0.00
GGRM,07/29/2020,47600.00,49675.00,47600.00,49650.00,2538000.00,6620000256.00,5182.00
GGRP,07/29/2020,296.00,296.00,280.00,294.00,1500.00,0.00,6.00
GHON,07/29/2020,1550.00,1550.00,1550.00,1550.00,600.00,0.00,2.00
GIAA,07/29/2020,250.00,252.00,242.00,248.00,30832600.00,-353449984.00,2163.00
GJTL,07/29/2020,565.00,630.00,550.00,580.00,42798600.00,1040000000.00,4306.00
GLOB,07/29/2020,130.00,153.00,130.00,132.00,23300.00,0.00,15.00
GLVA,07/29/2020,320.00,320.00,316.00,320.00,3040900.00,959969984.00,19.00
GMFI,07/29/2020,83.00,85.00,83.00,85.00,2507400.00,0.00,221.00
GMTD,07/29/2020,17975.00,17975.00,17975.00,17975.00,0.00,0.00,0.00
GOLD,07/29/2020,177.00,177.00,177.00,177.00,52400.00,0.00,36.00
GOLL,07/29/2020,50.00,50.00,50.00,50.00,0.00,0.00,0.00
GOOD,07/29/2020,1295.00,1325.00,1290.00,1325.00,311500.00,0.00,176.00
GPRA,07/29/2020,51.00,52.00,50.00,51.00,3475000.00,0.00,54.00
GREN,07/29/2020,328.00,328.00,328.00,328.00,0.00,0.00,0.00
GSMF,07/29/2020,94.00,117.00,94.00,117.00,10800.00,0.00,4.00
GTBO,07/29/2020,75.00,75.00,75.00,75.00,0.00,0.00,0.00
GWSA,07/29/2020,96.00,114.00,96.00,109.00,298400.00,11950000.00,56.00
GZCO,07/29/2020,50.00,50.00,50.00,50.00,12200.00,0.00,5.00
HADE,07/29/2020,50.00,50.00,50.00,50.00,600.00,0.00,2.00
HDFA,07/29/2020,162.00,162.00,158.00,158.00,600.00,0.00,2.00
HDIT,07/29/2020,505.00,505.00,505.00,505.00,200.00,0.00,2.00
HDTX,07/29/2020,120.00,120.00,120.00,120.00,0.00,0.00,0.00
HEAL,07/29/2020,3000.00,3050.00,3000.00,3050.00,464600.00,-18140000.00,95.00
HELI,07/29/2020,199.00,200.00,199.00,200.00,22600.00,0.00,3.00
HELI-W,07/29/2020,9.00,10.00,8.00,9.00,6228500.00,0.00,0.00
HERO,07/29/2020,860.00,865.00,860.00,865.00,400.00,0.00,4.00
HEXA,07/29/2020,3480.00,3480.00,3430.00,3450.00,86900.00,6910000.00,47.00
HITS,07/29/2020,500.00,520.00,500.00,515.00,1400.00,0.00,4.00
HKMU,07/29/2020,83.00,86.00,82.00,82.00,58796100.00,23760000.00,1541.00
HMSP,07/29/2020,1700.00,1740.00,1685.00,1725.00,65466300.00,-15779999744.00,8691.00
HOKI,07/29/2020,645.00,655.00,645.00,650.00,7689100.00,55300000.00,449.00
HOKI-W,07/29/2020,645.00,645.00,645.00,645.00,0.00,0.00,0.00
HOME,07/29/2020,50.00,50.00,50.00,50.00,0.00,0.00,0.00
HOTL,07/29/2020,50.00,50.00,50.00,50.00,18500.00,0.00,11.00
HRME,07/29/2020,54.00,55.00,51.00,52.00,58305300.00,19590000.00,2096.00
HRTA,07/29/2020,250.00,256.00,240.00,242.00,1245700.00,0.00,187.00
HRUM,07/29/2020,1190.00,1190.00,1180.00,1180.00,251200.00,0.00,161.00
IATA,07/29/2020,50.00,50.00,50.00,50.00,0.00,0.00,0.00
IBFN,07/29/2020,312.00,312.00,312.00,312.00,0.00,0.00,0.00
IBFN-W,07/29/2020,7.00,8.00,6.00,6.00,185500.00,0.00,0.00
IBST,07/29/2020,8200.00,8200.00,8200.00,8200.00,0.00,0.00,0.00
ICBP,07/29/2020,9075.00,9125.00,9050.00,9125.00,6255400.00,2620000000.00,3941.00
ICON,07/29/2020,58.00,59.00,58.00,58.00,17800.00,0.00,12.00
IDPR,07/29/2020,191.00,192.00,191.00,192.00,306900.00,57600000.00,16.00
IFII,07/29/2020,133.00,140.00,133.00,133.00,314100.00,0.00,85.00
IFSH,07/29/2020,450.00,450.00,448.00,450.00,11500.00,0.00,7.00
IGAR,07/29/2020,268.00,272.00,266.00,272.00,101000.00,0.00,8.00
IIKP,07/29/2020,50.00,50.00,50.00,50.00,0.00,0.00,0.00
IKAI,07/29/2020,50.00,50.00,50.00,50.00,100.00,0.00,1.00
IKAN,07/29/2020,740.00,755.00,700.00,715.00,8906600.00,16640000.00,1788.00
IKBI,07/29/2020,222.00,222.00,216.00,216.00,14600.00,0.00,7.00
IMAS,07/29/2020,685.00,690.00,660.00,665.00,2223500.00,-33260000.00,328.00
IMJS,07/29/2020,252.00,258.00,246.00,246.00,1427600.00,0.00,144.00
IMPC,07/29/2020,1255.00,1260.00,1255.00,1260.00,671900.00,0.00,69.00
INAF,07/29/2020,2110.00,2110.00,2110.00,2110.00,1703400.00,0.00,311.00
INAI,07/29/2020,352.00,354.00,350.00,354.00,20100.00,0.00,5.00
INCF,07/29/2020,53.00,55.00,50.00,52.00,6665000.00,12750000.00,165.00
INCI,07/29/2020,695.00,695.00,670.00,680.00,494100.00,0.00,773.00
INCO,07/29/2020,3420.00,3460.00,3360.00,3400.00,17851000.00,-466740000.00,3928.00
INDF,07/29/2020,6425.00,6450.00,6350.00,6400.00,7944800.00,2040000000.00,4947.00
INDO,07/29/2020,146.00,147.00,143.00,143.00,125500.00,0.00,62.00
INDR,07/29/2020,2340.00,2390.00,2330.00,2390.00,5300.00,0.00,5.00
INDS,07/29/2020,2180.00,2200.00,2170.00,2170.00,18300.00,28210000.00,18.00
INDX,07/29/2020,59.00,60.00,57.00,57.00,24300.00,0.00,8.00
INDY,07/29/2020,1015.00,1040.00,1010.00,1015.00,11203500.00,87490000.00,1613.00
INKP,07/29/2020,7475.00,8025.00,7375.00,7850.00,14139800.00,803520000.00,6646.00
INOV,07/29/2020,258.00,258.00,224.00,246.00,173700.00,-3230000.00,55.00
INPC,07/29/2020,51.00,52.00,51.00,51.00,275200.00,5100000.00,24.00
INPC-W,07/29/2020,3.00,4.00,3.00,4.00,1154500.00,0.00,0.00
INPP,07/29/2020,700.00,700.00,700.00,700.00,0.00,0.00,0.00
INPS,07/29/2020,1645.00,1655.00,1610.00,1655.00,9700.00,-3100000.00,19.00
INRU,07/29/2020,820.00,820.00,765.00,765.00,1000.00,0.00,3.00
INTA,07/29/2020,260.00,276.00,260.00,276.00,600.00,0.00,3.00
INTA-W,07/29/2020,8.00,8.00,8.00,8.00,0.00,0.00,0.00
INTD,07/29/2020,146.00,146.00,131.00,131.00,500.00,0.00,5.00
INTP,07/29/2020,12450.00,12600.00,12400.00,12400.00,6969200.00,-16670000128.00,3625.00
IOTUSD,07/28/2020,0.27,0.28,0.27,0.27,48880000.00,0.00,0.00
IPCC,07/29/2020,434.00,438.00,426.00,426.00,2603700.00,-260890000.00,612.00
IPCM,07/29/2020,210.00,222.00,210.00,216.00,279000.00,-735000.00,108.00
IPOL,07/29/2020,72.00,72.00,71.00,72.00,90700.00,0.00,21.00
IPTV,07/29/2020,340.00,340.00,326.00,338.00,43040000.00,1430000000.00,16309.00
IRRA,07/29/2020,620.00,630.00,580.00,580.00,7630600.00,81870000.00,681.00
ISAT,07/29/2020,2510.00,2540.00,2340.00,2340.00,14882100.00,-6529999872.00,5065.00
ISSP,07/29/2020,135.00,138.00,132.00,132.00,9806500.00,-2270000.00,717.00
ITIC,07/29/2020,1000.00,1040.00,905.00,905.00,4211600.00,-55260000.00,1854.00
ITMA,07/29/2020,410.00,410.00,410.00,410.00,0.00,0.00,0.00
ITMG,07/29/2020,8125.00,8125.00,7825.00,7900.00,2774000.00,-4040000000.00,2464.00
ITTG,07/29/2020,82.00,82.00,82.00,82.00,0.00,0.00,0.00
JAGUNG,07/28/2020,322.88,323.38,320.12,320.25,0.00,0.00,0.00
JAST,07/29/2020,76.00,85.00,76.00,80.00,8067500.00,2060000.00,828.00
JAWA,07/29/2020,66.00,66.00,65.00,65.00,6400.00,0.00,4.00
JAYA,07/29/2020,78.00,86.00,77.00,78.00,1838700.00,0.00,287.00
JAYA-W,07/29/2020,11.00,12.00,10.00,11.00,627500.00,0.00,0.00
JECC,07/29/2020,6800.00,6800.00,6800.00,6800.00,0.00,0.00,0.00
JGLE,07/29/2020,50.00,50.00,50.00,50.00,0.00,0.00,0.00
JIHD,07/29/2020,490.00,490.00,486.00,486.00,3500.00,0.00,3.00
JKON,07/29/2020,336.00,340.00,336.00,338.00,382600.00,62560000.00,14.00
JKSW,07/29/2020,60.00,60.00,60.00,60.00,0.00,0.00,0.00
JMAS,07/29/2020,200.00,208.00,200.00,208.00,42300.00,0.00,27.00
JPFA,07/29/2020,1125.00,1135.00,1100.00,1105.00,24456100.00,1370000000.00,4858.00
JPRS,07/29/2020,168.00,168.00,168.00,168.00,0.00,0.00,0.00
JRPT,07/29/2020,412.00,412.00,408.00,412.00,1819100.00,-364940000.00,170.00
JSKY,07/29/2020,75.00,81.00,75.00,79.00,3976500.00,0.00,301.00
JSMR,07/29/2020,4030.00,4060.00,3960.00,3990.00,5734800.00,1250000000.00,3292.00
JSPT,07/29/2020,995.00,995.00,995.00,995.00,0.00,0.00,0.00
JTPE,07/29/2020,770.00,770.00,765.00,765.00,233800.00,0.00,13.00
KAEF,07/29/2020,2220.00,2220.00,2220.00,2220.00,3500400.00,-3329999872.00,540.00
KARW,07/29/2020,59.00,59.00,50.00,50.00,55900.00,0.00,48.00
KAYU,07/29/2020,53.00,54.00,52.00,52.00,547500.00,0.00,40.00
KBAG,07/29/2020,378.00,386.00,378.00,378.00,15066200.00,756000.00,3177.00
KBLI,07/29/2020,396.00,406.00,392.00,396.00,1177100.00,-120090000.00,253.00
KBLM,07/29/2020,220.00,222.00,220.00,220.00,74100.00,0.00,28.00
KBLV,07/29/2020,346.00,346.00,346.00,346.00,500.00,0.00,1.00
KBRI,07/29/2020,50.00,50.00,50.00,50.00,0.00,0.00,0.00
KDSI,07/29/2020,780.00,780.00,765.00,780.00,2700.00,0.00,8.00
KEDELAI,07/28/2020,900.25,901.38,893.12,895.12,0.00,0.00,0.00
KEEN,07/29/2020,346.00,348.00,340.00,348.00,2023000.00,0.00,99.00
KEJU,07/29/2020,1015.00,1035.00,1015.00,1035.00,291100.00,0.00,109.00
KIAS,07/29/2020,50.00,50.00,50.00,50.00,100.00,0.00,1.00
KICI,07/29/2020,250.00,250.00,250.00,250.00,100.00,25000.00,1.00
KIJA,07/29/2020,141.00,141.00,138.00,141.00,456700.00,-2170000.00,128.00
KINO,07/29/2020,3330.00,3350.00,3280.00,3330.00,305200.00,-107740000.00,130.00
KIOS,07/29/2020,173.00,175.00,173.00,175.00,200.00,0.00,2.00
KIOS-W,07/29/2020,25.00,25.00,25.00,25.00,0.00,0.00,0.00
KJEN,07/29/2020,1100.00,1100.00,1100.00,1100.00,0.00,0.00,0.00
KKGI,07/29/2020,220.00,220.00,202.00,206.00,10800.00,0.00,11.00
KLBF,07/29/2020,1525.00,1555.00,1515.00,1525.00,87768200.00,-33159999488.00,8589.00
KMTR,07/29/2020,316.00,318.00,310.00,312.00,98100.00,15120000.00,19.00
KOBX,07/29/2020,93.00,95.00,92.00,95.00,424000.00,0.00,91.00
KOIN,07/29/2020,100.00,100.00,100.00,100.00,200.00,0.00,1.00
KONI,07/29/2020,482.00,484.00,482.00,484.00,2200.00,0.00,2.00
KOPI,07/29/2020,500.00,505.00,500.00,505.00,35900.00,0.00,7.00
KOTA,07/29/2020,630.00,650.00,630.00,650.00,13228800.00,10000000.00,621.00
KPAL,07/29/2020,59.00,65.00,59.00,64.00,604800.00,0.00,63.00
KPAL-W,06/03/2020,32.00,32.00,32.00,32.00,0.00,0.00,0.00
KPAS,07/29/2020,50.00,52.00,50.00,52.00,1386000.00,0.00,95.00
KPAS-W,07/29/2020,10.00,11.00,8.00,8.00,258000.00,0.00,0.00
KPIG,07/29/2020,110.00,110.00,107.00,108.00,1309400.00,120430000.00,125.00
KRAH,07/29/2020,474.00,474.00,474.00,474.00,0.00,0.00,0.00
KRAS,07/29/2020,384.00,424.00,378.00,386.00,794607808.00,420870016.00,44370.00
KREN,07/29/2020,115.00,115.00,110.00,112.00,10880500.00,8890000.00,720.00
LAND,07/29/2020,200.00,230.00,189.00,189.00,172900.00,0.00,54.00
LAPD,07/29/2020,50.00,50.00,50.00,50.00,0.00,0.00,0.00
LCGP,07/29/2020,114.00,114.00,114.00,114.00,0.00,0.00,0.00
LCKM,07/29/2020,372.00,372.00,372.00,372.00,12000.00,4460000.00,2.00
LEAD,07/29/2020,50.00,50.00,50.00,50.00,200.00,0.00,2.00
LIFE,07/29/2020,5800.00,5800.00,5800.00,5800.00,2500.00,0.00,5.00
LINK,07/29/2020,1955.00,1960.00,1895.00,1900.00,2505500.00,-803680000.00,1430.00
LION,07/29/2020,366.00,366.00,342.00,364.00,69700.00,0.00,27.00
LMAS,07/29/2020,50.00,50.00,50.00,50.00,111900.00,0.00,8.00
LMPI,07/29/2020,82.00,82.00,78.00,82.00,1000.00,0.00,7.00
LMSH,07/29/2020,260.00,260.00,250.00,250.00,900.00,0.00,2.00
LPCK,07/29/2020,820.00,860.00,780.00,830.00,1760600.00,-8040000.00,470.00
LPGI,07/29/2020,3700.00,3700.00,3700.00,3700.00,1400.00,0.00,4.00
LPIN,07/29/2020,230.00,238.00,230.00,238.00,7300.00,0.00,5.00
LPKR,07/29/2020,143.00,144.00,137.00,139.00,27008200.00,894409984.00,1169.00
LPLI,07/29/2020,76.00,76.00,76.00,76.00,0.00,0.00,0.00
LPPF,07/29/2020,1345.00,1360.00,1305.00,1315.00,16786500.00,-4680000000.00,3621.00
LPPS,07/29/2020,74.00,77.00,74.00,77.00,3100.00,0.00,6.00
LRNA,07/29/2020,135.00,144.00,135.00,144.00,9900.00,0.00,8.00
LRNA-W,07/29/2020,11.00,11.00,11.00,11.00,0.00,0.00,0.00
LSIP,07/29/2020,980.00,1000.00,945.00,990.00,34803700.00,-6640000000.00,2935.00
LTCUSD,07/28/2020,53.26,57.71,51.79,55.76,17790000.00,0.00,0.00
LTLS,07/29/2020,442.00,442.00,438.00,440.00,18000.00,0.00,30.00
LUCK,07/29/2020,320.00,320.00,306.00,306.00,1336400.00,7850000.00,293.00
MABA,07/29/2020,50.00,50.00,50.00,50.00,0.00,0.00,0.00
MAGP,07/29/2020,50.00,50.00,50.00,50.00,100.00,0.00,1.00
MAIN,07/29/2020,665.00,670.00,650.00,655.00,6326900.00,-98250000.00,932.00
MAMI,07/29/2020,50.00,50.00,50.00,50.00,7500.00,0.00,5.00
MAMIP,07/29/2020,600.00,600.00,600.00,600.00,0.00,0.00,0.00
MAPA,07/29/2020,2200.00,2230.00,2180.00,2200.00,136000.00,40240000.00,126.00
MAPB,07/29/2020,1320.00,1320.00,1310.00,1310.00,900.00,0.00,3.00
MAPI,07/29/2020,705.00,705.00,690.00,700.00,36252600.00,-4929999872.00,2441.00
MARI,07/29/2020,50.00,50.00,50.00,50.00,73300.00,0.00,20.00
MARK,07/29/2020,905.00,950.00,895.00,940.00,24316000.00,1910000000.00,3774.00
MASA,07/29/2020,600.00,610.00,590.00,600.00,316700.00,0.00,42.00
MAYA,07/29/2020,6500.00,6500.00,6500.00,6500.00,0.00,0.00,0.00
MBAP,07/29/2020,1740.00,1795.00,1740.00,1750.00,500400.00,1750000.00,220.00
MBSS,07/29/2020,424.00,426.00,408.00,418.00,1239600.00,0.00,301.00
MBTO,07/29/2020,70.00,72.00,69.00,71.00,121800.00,0.00,14.00
MCAS,07/29/2020,2100.00,2290.00,2030.00,2100.00,3545200.00,2520000000.00,1396.00
MCOR,07/29/2020,135.00,135.00,132.00,134.00,4003100.00,6700000.00,201.00
MDIA,07/29/2020,50.00,50.00,50.00,50.00,100.00,0.00,1.00
MDKA,07/29/2020,1820.00,1860.00,1785.00,1800.00,69232096.00,-4380000256.00,8553.00
MDKI,07/29/2020,166.00,166.00,150.00,151.00,185500.00,0.00,31.00
MDLN,07/29/2020,54.00,54.00,51.00,52.00,77043504.00,-44260000.00,1317.00
MDRN,07/29/2020,50.00,50.00,50.00,50.00,100.00,0.00,1.00
MEDC,07/29/2020,462.00,464.00,452.00,460.00,61930600.00,-5160000000.00,3661.00
MEDC-W,07/29/2020,25.00,25.00,23.00,24.00,29568500.00,0.00,0.00
MEGA,07/29/2020,6400.00,6425.00,6400.00,6425.00,500.00,0.00,2.00
MERK,07/29/2020,3500.00,3850.00,3500.00,3710.00,339200.00,741000.00,462.00
META,07/29/2020,109.00,111.00,108.00,111.00,231200.00,0.00,38.00
MFIN,07/29/2020,990.00,995.00,995.00,995.00,5000.00,-2090000.00,5.00
MFMI,07/29/2020,520.00,525.00,510.00,520.00,6900.00,0.00,13.00
MGNA,07/29/2020,50.00,50.00,50.00,50.00,0.00,0.00,0.00
MGRO,07/29/2020,725.00,765.00,725.00,750.00,5284500.00,0.00,696.00
MICE,07/29/2020,302.00,302.00,302.00,302.00,300.00,0.00,2.00
MIDI,07/29/2020,1440.00,1440.00,1440.00,1440.00,0.00,0.00,0.00
MIKA,07/29/2020,2400.00,2430.00,2320.00,2350.00,23945900.00,-26990000128.00,2263.00
MINA,07/29/2020,50.00,50.00,50.00,50.00,300.00,0.00,2.00
MINYAK KEDELAI,07/28/2020,29.35,29.50,29.04,29.39,0.00,0.00,0.00
MIRA,07/29/2020,50.00,50.00,50.00,50.00,200.00,0.00,2.00
MITI,07/29/2020,51.00,51.00,51.00,51.00,0.00,0.00,0.00
MKNT,07/29/2020,50.00,50.00,50.00,50.00,0.00,0.00,0.00
MKPI,07/29/2020,14700.00,14700.00,14700.00,14700.00,0.00,0.00,0.00
MLBI,07/29/2020,9900.00,9900.00,9775.00,9800.00,19100.00,-77380000.00,42.00
MLIA,07/29/2020,555.00,560.00,550.00,555.00,5483200.00,-62260000.00,265.00
MLPL,07/29/2020,52.00,52.00,51.00,52.00,657400.00,0.00,80.00
MLPT,07/29/2020,565.00,600.00,565.00,570.00,358900.00,0.00,170.00
MMLP,07/29/2020,188.00,190.00,186.00,189.00,7912000.00,-1100000000.00,119.00
MNCN,07/29/2020,855.00,860.00,835.00,840.00,69948896.00,-21259999232.00,7325.00
MOLI,07/29/2020,800.00,900.00,760.00,900.00,186600.00,-83290000.00,47.00
MPMX,07/29/2020,494.00,498.00,492.00,492.00,617800.00,0.00,173.00
MPOW,07/29/2020,51.00,52.00,51.00,52.00,5300.00,0.00,7.00
MPPA,07/29/2020,113.00,115.00,109.00,111.00,1555300.00,0.00,187.00
MPRO,07/29/2020,745.00,745.00,745.00,745.00,800.00,-74500.00,3.00
MRAT,07/29/2020,147.00,150.00,147.00,150.00,111800.00,0.00,35.00
MREI,07/29/2020,4500.00,4500.00,4240.00,4390.00,3100.00,-6450000.00,16.00
MSIN,07/29/2020,276.00,276.00,268.00,274.00,633800.00,-5150000.00,181.00
MSKY,07/29/2020,1140.00,1140.00,1140.00,1140.00,100.00,-114000.00,1.00
MTDL,07/29/2020,1460.00,1465.00,1435.00,1450.00,1296800.00,-1260000000.00,265.00
MTFN,07/29/2020,50.00,50.00,50.00,50.00,100.00,-5000.00,1.00
MTLA,07/29/2020,390.00,390.00,390.00,390.00,100.00,0.00,1.00
MTPS,07/29/2020,138.00,141.00,138.00,141.00,4500.00,-252000.00,7.00
MTPS-W,07/29/2020,1.00,1.00,1.00,1.00,0.00,0.00,0.00
MTRA,07/29/2020,244.00,244.00,244.00,244.00,0.00,0.00,0.00
MTSM,07/29/2020,218.00,218.00,200.00,200.00,300.00,0.00,3.00
MTWI,07/29/2020,55.00,55.00,50.00,50.00,37700.00,0.00,16.00
MYOH,07/29/2020,1150.00,1150.00,1090.00,1145.00,282700.00,-34280000.00,53.00
MYOR,07/29/2020,2270.00,2350.00,2260.00,2350.00,6470200.00,-830499968.00,2511.00
MYRX,07/29/2020,50.00,50.00,50.00,50.00,0.00,0.00,0.00
MYRXP,07/29/2020,50.00,50.00,50.00,50.00,0.00,0.00,0.00
MYTX,07/29/2020,55.00,55.00,53.00,53.00,17200.00,0.00,4.00
NAGA,07/29/2020,236.00,236.00,236.00,236.00,0.00,0.00,0.00
NASA,07/29/2020,120.00,120.00,103.00,103.00,13000.00,-455500.00,33.00
NASA-W,07/29/2020,84.00,84.00,84.00,84.00,0.00,0.00,0.00
NATO,07/29/2020,266.00,278.00,266.00,272.00,338500.00,1480000.00,124.00
NATO-W,07/29/2020,131.00,131.00,131.00,131.00,0.00,0.00,0.00
NELY,07/29/2020,129.00,129.00,129.00,129.00,1900.00,0.00,2.00
NFCX,07/29/2020,1930.00,1930.00,1915.00,1915.00,969400.00,-1830000000.00,10.00
NICK,07/29/2020,308.00,308.00,308.00,308.00,600.00,0.00,2.00
NICKEL,07/28/2020,13782.50,13992.50,13512.50,13695.00,0.00,0.00,0.00
NIKL,07/29/2020,930.00,935.00,865.00,865.00,16895400.00,292680000.00,3701.00
NIPS,07/29/2020,282.00,282.00,282.00,282.00,0.00,0.00,0.00
NIRO,07/29/2020,146.00,146.00,146.00,146.00,0.00,0.00,0.00
NISP,07/29/2020,715.00,715.00,700.00,705.00,234300.00,0.00,91.00
NOBU,07/29/2020,780.00,780.00,780.00,780.00,100.00,0.00,1.00
NRCA,07/29/2020,310.00,318.00,310.00,314.00,77800.00,0.00,49.00
NUSA,07/29/2020,50.00,50.00,50.00,50.00,0.00,0.00,0.00
NUSA-W,07/29/2020,1.00,1.00,1.00,1.00,0.00,0.00,0.00
NZDUSD,07/28/2020,0.67,0.67,0.66,0.67,0.00,0.00,0.00
NZIA,07/29/2020,204.00,204.00,177.00,177.00,57000.00,0.00,27.00
OASA,07/29/2020,350.00,350.00,350.00,350.00,100.00,0.00,1.00
OCAP,07/29/2020,174.00,174.00,174.00,174.00,1200.00,0.00,2.00
OKAS,07/29/2020,81.00,89.00,81.00,84.00,1995500.00,0.00,122.00
OMRE,07/29/2020,316.00,316.00,316.00,316.00,0.00,0.00,0.00
OPMS,07/29/2020,134.00,135.00,133.00,133.00,820800.00,0.00,73.00
PADI,07/29/2020,50.00,50.00,50.00,50.00,136000.00,45000.00,130.00
PALM,07/29/2020,240.00,240.00,236.00,240.00,434000.00,0.00,68.00
PAMG,07/29/2020,74.00,83.00,74.00,79.00,6034000.00,0.00,295.00
PANI,07/29/2020,60.00,60.00,58.00,58.00,1500.00,0.00,4.00
PANR,07/29/2020,88.00,90.00,83.00,85.00,2355500.00,0.00,350.00
PANS,07/29/2020,815.00,820.00,805.00,810.00,279700.00,0.00,135.00
PBID,07/29/2020,910.00,910.00,870.00,900.00,390400.00,-1250000.00,205.00
PBRX,07/29/2020,254.00,254.00,248.00,250.00,55000.00,0.00,12.00
PBSA,07/29/2020,685.00,715.00,670.00,710.00,18100.00,0.00,27.00
PCAR,07/29/2020,380.00,416.00,360.00,362.00,120500.00,0.00,47.00
PDES,07/29/2020,470.00,470.00,470.00,470.00,0.00,0.00,0.00
PEGE,07/29/2020,135.00,135.00,135.00,135.00,0.00,0.00,0.00
PEHA,07/29/2020,1530.00,1530.00,1435.00,1435.00,479500.00,0.00,91.00
PERAK,07/28/2020,25.67,26.26,22.47,24.31,0.00,0.00,0.00
PGAS,07/29/2020,1220.00,1250.00,1205.00,1230.00,100171504.00,1170000000.00,11798.00
PGJO,07/29/2020,86.00,86.00,72.00,72.00,34500.00,0.00,27.00
PGLI,07/29/2020,212.00,212.00,202.00,212.00,3400.00,-20400.00,10.00
PGUN,07/29/2020,396.00,398.00,368.00,370.00,2239500.00,0.00,254.00
PICO,07/29/2020,188.00,197.00,185.00,197.00,232200.00,0.00,74.00
PJAA,07/29/2020,530.00,545.00,530.00,540.00,87100.00,0.00,38.00
PKPK,07/29/2020,50.00,51.00,50.00,50.00,51800.00,0.00,9.00
PLAS,07/29/2020,50.00,50.00,50.00,50.00,0.00,0.00,0.00
PLIN,07/29/2020,2400.00,2420.00,2400.00,2420.00,4900.00,6000000.00,8.00
PMJS,07/29/2020,120.00,130.00,120.00,128.00,1000.00,0.00,6.00
PNBN,07/29/2020,810.00,810.00,800.00,805.00,4240900.00,-24700000.00,390.00
PNBS,07/29/2020,50.00,51.00,50.00,50.00,1970900.00,0.00,914.00
PNIN,07/29/2020,725.00,725.00,720.00,725.00,24700.00,0.00,16.00
PNLF,07/29/2020,179.00,182.00,179.00,181.00,18008100.00,-985209984.00,598.00
PNSE,07/29/2020,915.00,915.00,915.00,915.00,0.00,0.00,0.00
POLA,07/29/2020,52.00,53.00,51.00,53.00,25400.00,0.00,13.00
POLA-W,07/29/2020,24.00,45.00,24.00,24.00,2000.00,0.00,0.00
POLI,07/29/2020,1130.00,1135.00,1080.00,1080.00,9900.00,0.00,25.00
POLL,07/29/2020,4380.00,4450.00,4110.00,4110.00,14200.00,-36290000.00,65.00
POLU,07/29/2020,900.00,950.00,900.00,950.00,1700.00,0.00,7.00
POLY,07/29/2020,50.00,50.00,50.00,50.00,301000.00,0.00,8.00
POOL,07/29/2020,50.00,50.00,50.00,50.00,0.00,0.00,0.00
PORT,07/29/2020,535.00,535.00,535.00,535.00,2000.00,0.00,6.00
POSA,07/29/2020,50.00,50.00,50.00,50.00,1900.00,0.00,4.00
POSA-W,07/29/2020,2.00,3.00,2.00,2.00,12294000.00,0.00,0.00
POWR,07/29/2020,595.00,730.00,590.00,655.00,102553800.00,-5260000256.00,10440.00
PPRE,07/29/2020,183.00,183.00,177.00,180.00,9346000.00,21160000.00,1629.00
PPRO,07/29/2020,50.00,50.00,50.00,50.00,8001500.00,0.00,314.00
PRAS,07/29/2020,105.00,130.00,105.00,124.00,62100.00,0.00,16.00
PRDA,07/29/2020,3070.00,3110.00,3070.00,3100.00,10200.00,28830000.00,15.00
PRIM,07/29/2020,278.00,282.00,264.00,274.00,6100.00,0.00,26.00
PRIM-W,07/29/2020,6.00,6.00,5.00,5.00,1191500.00,0.00,0.00
PSAB,07/29/2020,270.00,278.00,264.00,272.00,125568704.00,-818560000.00,5632.00
PSDN,07/29/2020,100.00,100.00,100.00,100.00,0.00,0.00,0.00
PSGO,07/29/2020,104.00,110.00,102.00,102.00,26400.00,0.00,21.00
PSKT,07/29/2020,50.00,50.00,50.00,50.00,200.00,0.00,2.00
PSSI,07/29/2020,167.00,172.00,165.00,172.00,4236500.00,-49880000.00,212.00
PTBA,07/29/2020,2080.00,2090.00,2050.00,2070.00,14713800.00,3980000000.00,4133.00
PTIS,07/29/2020,164.00,164.00,164.00,164.00,0.00,0.00,0.00
PTPP,07/29/2020,995.00,1025.00,990.00,1005.00,40513400.00,-499329984.00,3667.00
PTPW,07/29/2020,1555.00,1585.00,1490.00,1525.00,8916300.00,-193370000.00,2016.00
PTRO,07/29/2020,1915.00,1920.00,1880.00,1910.00,969000.00,-7520000.00,462.00
PTSN,07/29/2020,234.00,234.00,216.00,218.00,8841400.00,76920000.00,1244.00
PTSP,07/29/2020,5100.00,5100.00,5100.00,5100.00,0.00,0.00,0.00
PUDP,07/29/2020,234.00,234.00,234.00,234.00,0.00,0.00,0.00
PURA,07/29/2020,128.00,130.00,125.00,128.00,59763200.00,437529984.00,14029.00
PURE,07/29/2020,110.00,121.00,110.00,117.00,2369400.00,0.00,247.00
PWON,07/29/2020,428.00,432.00,424.00,424.00,47575400.00,1240000000.00,2543.00
PYFA,07/29/2020,955.00,955.00,955.00,955.00,222100.00,0.00,133.00
PZZA,07/29/2020,640.00,645.00,635.00,635.00,529300.00,158270000.00,252.00
RAJA,07/29/2020,123.00,128.00,121.00,121.00,12292600.00,13060000.00,987.00
RALS,07/29/2020,565.00,570.00,560.00,565.00,5225200.00,715320000.00,933.00
RANC,07/29/2020,440.00,448.00,438.00,442.00,1628300.00,-102620000.00,142.00
RBMS,07/29/2020,50.00,50.00,50.00,50.00,7200.00,0.00,3.00
RDTX,07/29/2020,5050.00,5050.00,5050.00,5050.00,0.00,0.00,0.00
REAL,07/29/2020,50.00,54.00,50.00,50.00,304608896.00,-621150016.00,5249.00
RELI,07/29/2020,300.00,300.00,300.00,300.00,0.00,0.00,0.00
RICY,07/29/2020,94.00,94.00,93.00,94.00,1000.00,0.00,5.00
RIGS,07/29/2020,210.00,226.00,208.00,226.00,291900.00,0.00,20.00
RIMO,07/29/2020,50.00,50.00,50.00,50.00,0.00,0.00,0.00
RISE,07/29/2020,396.00,396.00,390.00,392.00,358700.00,0.00,75.00
RMBA,07/29/2020,230.00,244.00,228.00,240.00,14800.00,0.00,8.00
RODA,07/29/2020,50.00,50.00,50.00,50.00,311500.00,0.00,8.00
RONY,07/29/2020,162.00,162.00,142.00,142.00,23100.00,0.00,32.00
ROTI,07/29/2020,1220.00,1230.00,1220.00,1225.00,332800.00,-2080000.00,25.00
RUIS,07/29/2020,165.00,165.00,165.00,165.00,100.00,0.00,1.00
SAFE,07/29/2020,190.00,192.00,190.00,192.00,290100.00,0.00,36.00
SAME,07/29/2020,80.00,97.00,80.00,89.00,143246896.00,-164850000.00,6574.00
SAMF,07/29/2020,380.00,380.00,356.00,356.00,46000.00,0.00,24.00
SAPX,07/29/2020,2250.00,2250.00,2250.00,2250.00,100.00,0.00,1.00
SATU,07/29/2020,50.00,50.00,50.00,50.00,100.00,0.00,1.00
SBAT,07/29/2020,151.00,157.00,150.00,151.00,4167700.00,0.00,2557.00
SCBD,07/29/2020,2700.00,2700.00,2700.00,2700.00,0.00,0.00,0.00
SCCO,07/29/2020,9800.00,9800.00,9800.00,9800.00,0.00,0.00,0.00
SCMA,07/29/2020,1305.00,1310.00,1275.00,1280.00,17100800.00,434220000.00,1209.00
SCPI,07/29/2020,29000.00,29000.00,29000.00,29000.00,0.00,0.00,0.00
SDMU,07/29/2020,50.00,50.00,50.00,50.00,0.00,0.00,0.00
SDPC,07/29/2020,118.00,126.00,118.00,119.00,2531100.00,0.00,226.00
SDRA,07/29/2020,750.00,760.00,750.00,760.00,800.00,0.00,4.00
SFAN,07/29/2020,965.00,980.00,960.00,975.00,100500.00,0.00,42.00
SGRO,07/29/2020,1800.00,1800.00,1790.00,1795.00,90300.00,-1970000.00,48.00
SHID,07/29/2020,3650.00,3650.00,3650.00,3650.00,0.00,0.00,0.00
SHIP,07/29/2020,590.00,595.00,580.00,590.00,355500.00,0.00,109.00
SIAP,07/29/2020,83.00,83.00,83.00,83.00,0.00,0.00,0.00
SIDO,07/29/2020,1250.00,1275.00,1245.00,1270.00,4470000.00,766160000.00,1543.00
SILO,07/29/2020,4800.00,4870.00,4530.00,4550.00,333200.00,88850000.00,330.00
SIMA,07/29/2020,50.00,50.00,50.00,50.00,0.00,0.00,0.00
SINI,07/29/2020,640.00,640.00,550.00,550.00,16600.00,0.00,10.00
SIMP,07/29/2020,312.00,326.00,310.00,324.00,7789300.00,-35010000.00,910.00
SIPD,07/29/2020,1040.00,1040.00,1040.00,1040.00,0.00,0.00,0.00
SKBM,07/29/2020,224.00,224.00,224.00,224.00,100.00,0.00,1.00
SKLT,07/29/2020,1610.00,1610.00,1610.00,1610.00,0.00,0.00,0.00
SKRN,07/29/2020,640.00,640.00,630.00,630.00,1648000.00,0.00,50.00
SKYB,07/29/2020,51.00,51.00,51.00,51.00,0.00,0.00,0.00
SLIS,07/29/2020,5125.00,5300.00,5125.00,5125.00,287400.00,-32500.00,68.00
SMAR,07/29/2020,3050.00,3100.00,3050.00,3050.00,300.00,0.00,3.00
SMBR,07/29/2020,545.00,555.00,510.00,510.00,73155800.00,-255440000.00,5119.00
SMCB,07/29/2020,1025.00,1025.00,1000.00,1010.00,44600.00,0.00,36.00
SMDM,07/29/2020,100.00,100.00,94.00,99.00,1200.00,0.00,6.00
SMDR,07/29/2020,234.00,288.00,232.00,260.00,43160400.00,-4130000.00,5052.00
SMGR,07/29/2020,9500.00,9525.00,9375.00,9475.00,2241000.00,11370000384.00,1346.00
SMKL,07/29/2020,192.00,192.00,192.00,192.00,800.00,0.00,1.00
SMMA,07/29/2020,16700.00,16900.00,16700.00,16900.00,200.00,0.00,2.00
SMMT,07/29/2020,88.00,92.00,84.00,90.00,188000.00,0.00,37.00
SMRA,07/29/2020,620.00,620.00,605.00,610.00,45766200.00,3520000000.00,2412.00
SMRU,07/29/2020,50.00,50.00,50.00,50.00,0.00,0.00,0.00
SMSM,07/29/2020,1270.00,1310.00,1245.00,1305.00,4068800.00,1420000000.00,1680.00
SOCI,07/29/2020,142.00,142.00,130.00,130.00,31478700.00,194940000.00,1325.00
SOFA,07/29/2020,78.00,78.00,75.00,75.00,1013400.00,0.00,102.00
SONA,07/29/2020,6000.00,6000.00,6000.00,6000.00,0.00,0.00,0.00
SOSS,07/29/2020,438.00,438.00,392.00,428.00,27500.00,0.00,29.00
SOSS-W,07/29/2020,49.00,54.00,49.00,54.00,52500.00,0.00,0.00
SOTS,07/29/2020,224.00,224.00,204.00,204.00,200.00,0.00,2.00
SOTS-W,07/29/2020,55.00,55.00,30.00,39.00,13000.00,0.00,0.00
SOYBEAN MEAL,07/28/2020,291.80,291.80,288.35,289.25,0.00,0.00,0.00
SPMA,07/29/2020,250.00,260.00,246.00,246.00,65400.00,0.00,20.00
SPTO,07/29/2020,478.00,480.00,476.00,478.00,102900.00,-96000.00,36.00
SQMI,07/29/2020,197.00,212.00,197.00,206.00,15315300.00,0.00,1128.00
SRAJ,07/29/2020,128.00,128.00,128.00,128.00,1700.00,0.00,5.00
SRIL,07/29/2020,199.00,200.00,197.00,198.00,15066500.00,-500820000.00,1189.00
SRSN,07/29/2020,60.00,63.00,59.00,62.00,18993000.00,0.00,743.00
SRTG,07/29/2020,2760.00,2770.00,2760.00,2760.00,47900.00,0.00,30.00
SSIA,07/29/2020,378.00,382.00,374.00,380.00,22581300.00,-274560000.00,1516.00
SSMS,07/29/2020,835.00,840.00,825.00,835.00,181000.00,6520000.00,68.00
SSTM,07/29/2020,570.00,610.00,570.00,610.00,7100.00,0.00,5.00
STAR,07/29/2020,132.00,132.00,118.00,130.00,68500.00,0.00,16.00
STTP,07/29/2020,7950.00,7950.00,7900.00,7950.00,4500.00,0.00,6.00
SUGI,07/29/2020,50.00,50.00,50.00,50.00,0.00,0.00,0.00
SULI,07/29/2020,50.00,50.00,50.00,50.00,100.00,-5000.00,1.00
SUPR,07/29/2020,4650.00,4650.00,4650.00,4650.00,0.00,0.00,0.00
SURE,07/29/2020,2920.00,2920.00,2920.00,2920.00,200.00,0.00,2.00
SWAT,07/29/2020,95.00,97.00,95.00,95.00,1040900.00,0.00,350.00
T-Bond 30Y,07/28/2020,180.48,181.58,179.95,181.48,0.00,0.00,0.00
T-Bond 30Y Yield,07/28/2020,1.26,1.29,1.22,1.22,0.00,0.00,0.00
TALF,07/29/2020,236.00,236.00,236.00,236.00,100.00,0.00,1.00
TAMA,07/29/2020,170.00,170.00,164.00,164.00,5200.00,0.00,4.00
TAMU,07/29/2020,59.00,62.00,55.00,55.00,5164900.00,638400.00,412.00
TARA,07/29/2020,81.00,81.00,81.00,81.00,31800.00,-2580000.00,13.00
TAXI,07/29/2020,50.00,50.00,50.00,50.00,100000.00,0.00,3.00
TBIG,07/29/2020,1230.00,1350.00,1205.00,1300.00,138110896.00,-30560000000.00,7582.00
TBLA,07/29/2020,710.00,720.00,695.00,710.00,3018300.00,26690000.00,671.00
TBMS,07/29/2020,625.00,630.00,625.00,630.00,6300.00,0.00,12.00
TCID,07/29/2020,6800.00,7000.00,6750.00,7000.00,10800.00,0.00,12.00
TCPI,07/29/2020,4060.00,4070.00,3930.00,3950.00,12333500.00,-808520000.00,5976.00
TDPM,07/29/2020,92.00,93.00,90.00,92.00,1790200.00,0.00,265.00
TEBE,07/29/2020,1400.00,1400.00,1400.00,1400.00,0.00,0.00,0.00
TECH,07/29/2020,117.00,126.00,117.00,124.00,1561800.00,0.00,234.00
TELE,07/29/2020,121.00,121.00,121.00,121.00,0.00,0.00,0.00
TEMBAGA,07/28/2020,2.92,2.94,2.88,2.91,0.00,0.00,0.00
TFAS,07/29/2020,162.00,162.00,162.00,162.00,7900.00,0.00,8.00
TFCO,07/29/2020,308.00,308.00,308.00,308.00,0.00,0.00,0.00
TGKA,07/29/2020,7800.00,7800.00,7800.00,7800.00,100.00,0.00,1.00
TGRA,07/29/2020,70.00,73.00,69.00,69.00,4306100.00,51320000.00,345.00
TIFA,07/29/2020,402.00,410.00,400.00,402.00,73700.00,4740000.00,20.00
TIMAH,07/28/2020,17993.00,17993.00,17993.00,17993.00,0.00,0.00,0.00
TINS,07/29/2020,740.00,795.00,735.00,780.00,76452704.00,-947939968.00,5358.00
TIRA,07/29/2020,270.00,270.00,270.00,270.00,100.00,0.00,1.00
TIRT,07/29/2020,52.00,52.00,52.00,52.00,0.00,0.00,0.00
TKIM,07/29/2020,6725.00,7150.00,6500.00,6975.00,24821400.00,931340032.00,10625.00
TLKM,07/29/2020,3030.00,3050.00,3000.00,3000.00,114352000.00,-30179999744.00,19378.00
TMAS,07/29/2020,122.00,131.00,117.00,118.00,12111000.00,0.00,1108.00
TMPI,07/29/2020,50.00,50.00,50.00,50.00,0.00,0.00,0.00
TMPO,07/29/2020,140.00,140.00,140.00,140.00,100.00,0.00,1.00
TNCA,07/29/2020,204.00,204.00,180.00,204.00,8300.00,0.00,13.00
TOBA,07/29/2020,348.00,348.00,324.00,346.00,150900.00,0.00,19.00
TOPS,07/29/2020,50.00,50.00,50.00,50.00,700.00,0.00,2.00
TOTL,07/29/2020,306.00,308.00,302.00,302.00,5014900.00,760000.00,496.00
TOTO,07/29/2020,224.00,224.00,214.00,216.00,528700.00,-113080000.00,119.00
TOWR,07/29/2020,1075.00,1095.00,1070.00,1090.00,212208800.00,-97360003072.00,10088.00
TPIA,07/29/2020,6800.00,7100.00,6675.00,7100.00,4242100.00,420070016.00,1808.00
TPMA,07/29/2020,340.00,340.00,316.00,328.00,17500.00,0.00,31.00
TRAM,07/29/2020,50.00,50.00,50.00,50.00,0.00,0.00,0.00
TRAM-W,07/29/2020,11.00,11.00,11.00,11.00,0.00,0.00,0.00
TRIL,07/29/2020,50.00,50.00,50.00,50.00,0.00,0.00,0.00
TRIM,07/29/2020,117.00,120.00,117.00,119.00,59300.00,0.00,9.00
TRIN,07/29/2020,268.00,272.00,266.00,268.00,12480100.00,0.00,442.00
TRIO,07/29/2020,426.00,426.00,426.00,426.00,0.00,0.00,0.00
TRIS,07/29/2020,206.00,220.00,206.00,220.00,32400.00,0.00,17.00
TRST,07/29/2020,390.00,390.00,390.00,390.00,0.00,0.00,0.00
TRUB,07/29/2020,50.00,50.00,50.00,50.00,0.00,0.00,0.00
TRUK,07/29/2020,116.00,117.00,116.00,116.00,358600.00,0.00,73.00
TRUS,07/29/2020,340.00,340.00,340.00,340.00,200.00,0.00,1.00
TSPC,07/29/2020,1380.00,1400.00,1380.00,1380.00,358900.00,-40810000.00,191.00
TUGU,07/29/2020,2750.00,2760.00,2560.00,2760.00,154500.00,13080000.00,83.00
TURI,07/29/2020,1370.00,1370.00,1370.00,1370.00,268000.00,0.00,24.00
UANG,07/29/2020,380.00,440.00,380.00,380.00,862900.00,0.00,235.00
UCID,07/29/2020,1535.00,1540.00,1535.00,1540.00,217500.00,-168240000.00,127.00
ULTJ,07/29/2020,1615.00,1620.00,1605.00,1605.00,574400.00,-471249984.00,340.00
UNIC,07/29/2020,3940.00,3940.00,3940.00,3940.00,100.00,0.00,1.00
UNIT,07/29/2020,160.00,163.00,151.00,154.00,2600.00,0.00,13.00
UNSP,07/29/2020,62.00,63.00,62.00,62.00,82700.00,0.00,24.00
UNTR,07/29/2020,21600.00,22000.00,21075.00,21500.00,3823200.00,-5160000000.00,4685.00
UNVR,07/29/2020,8150.00,8300.00,8125.00,8250.00,18793500.00,52520001536.00,7603.00
URBN,07/29/2020,1450.00,1450.00,1415.00,1415.00,178400.00,0.00,37.00
URBN-W,07/29/2020,21.00,22.00,20.00,21.00,225500.00,0.00,0.00
USD INDEX,06/19/2020,97.40,97.70,97.11,97.58,0.00,0.00,0.00
USDCAD,07/28/2020,1.33,1.34,1.33,1.34,0.00,0.00,0.00
USDCHF,07/28/2020,0.92,0.92,0.92,0.92,0.00,0.00,0.00
USDCNY,07/28/2020,6.99,7.01,6.99,7.00,0.00,0.00,0.00
USDIDR,07/29/2020,14455.00,14632.50,14454.50,14535.00,0.00,0.00,0.00
USDJPY,07/28/2020,105.28,105.68,104.96,105.11,0.00,0.00,0.00
VICO,07/29/2020,76.00,76.00,70.00,71.00,174600.00,0.00,36.00
VINS,07/29/2020,99.00,99.00,95.00,96.00,217800.00,0.00,82.00
VINS-W,07/29/2020,2.00,3.00,2.00,2.00,10989000.00,0.00,0.00
VIVA,07/29/2020,50.00,50.00,50.00,50.00,900.00,0.00,9.00
VOKS,07/29/2020,200.00,200.00,194.00,194.00,21600.00,0.00,18.00
VRNA,07/29/2020,103.00,104.00,103.00,104.00,2600.00,0.00,4.00
WAPO,07/29/2020,64.00,64.00,64.00,64.00,300.00,0.00,3.00
WEGE,07/29/2020,200.00,204.00,197.00,199.00,44471000.00,-2240000000.00,1411.00
WEHA,07/29/2020,78.00,78.00,76.00,77.00,417700.00,0.00,170.00
WICO,07/29/2020,580.00,580.00,580.00,580.00,0.00,0.00,0.00
WIIM,07/29/2020,272.00,300.00,270.00,284.00,118457104.00,-38330000.00,7188.00
WIKA,07/29/2020,1210.00,1235.00,1200.00,1205.00,12971300.00,-2200000000.00,2242.00
WINS,07/29/2020,91.00,100.00,91.00,100.00,857500.00,69440000.00,40.00
WOMF,07/29/2020,224.00,224.00,224.00,224.00,201300.00,0.00,41.00
WOOD,07/29/2020,386.00,392.00,378.00,386.00,34337800.00,-324489984.00,1765.00
WOWS,07/29/2020,88.00,91.00,85.00,86.00,13026000.00,1200000.00,1104.00
WSBP,07/29/2020,199.00,202.00,198.00,199.00,15127800.00,0.00,799.00
WSKT,07/29/2020,665.00,695.00,655.00,660.00,69608200.00,-4400000000.00,5735.00
WTON,07/29/2020,286.00,288.00,282.00,284.00,8715800.00,213320000.00,1328.00
XLMUSD,07/28/2020,0.10,0.10,0.10,0.10,666849984.00,0.00,0.00
XRPUSD,07/28/2020,0.22,0.23,0.22,0.23,2000000000.00,0.00,0.00
YELO,07/29/2020,50.00,50.00,50.00,50.00,50500.00,0.00,3.00
YELO-W,07/29/2020,6.00,7.00,6.00,7.00,1375500.00,0.00,0.00
YPAS,07/29/2020,464.00,480.00,420.00,420.00,4600.00,0.00,12.00
YULE,07/29/2020,174.00,174.00,172.00,172.00,4100.00,0.00,5.00
ZBRA,07/29/2020,51.00,51.00,50.00,50.00,1100.00,0.00,7.00
ZINC,07/29/2020,138.00,138.00,135.00,136.00,135737200.00,-21760000.00,1252.00
ZONE,07/29/2020,416.00,416.00,414.00,416.00,64500.00,0.00,14.00
